0 verbose cli C:\Program Files\nodejs\node.exe C:\Program Files\nodejs\node_modules\npm\bin\npm-cli.js
1 info using npm@11.19.0
2 info using node@v24.20.0
3 silly config load:file:C:\Program Files\nodejs\node_modules\npm\npmrc
4 silly config load:file:C:\Users\Lenovo\Downloads\deepseek_harness\interview-learning-assistant\.npmrc
5 silly config load:file:C:\Users\Lenovo\.npmrc
6 silly config load:file:C:\Users\Lenovo\AppData\Roaming\npm\etc\npmrc
7 verbose title npm install
8 verbose argv "install" "--cache" ".\\npm-cache" "--prefer-offline"
9 verbose logfile logs-max:10 dir:C:\Users\Lenovo\Downloads\deepseek_harness\interview-learning-assistant\npm-cache\_logs\2026-09-27T09_09_10_255Z-
10 verbose logfile C:\Users\Lenovo\Downloads\deepseek_harness\interview-learning-assistant\npm-cache\_logs\2026-09-27T09_09_10_255Z-debug-0.log
11 silly logfile done cleaning log files
12 silly packumentCache heap:2348810240 maxSize:587202560 maxEntrySize:293601280
13 silly idealTree buildDeps
14 silly fetch manifest react@^18.3.1
15 silly packumentCache full:https://registry.npmjs.org/react cache-miss
16 http fetch GET 200 https://registry.npmjs.org/npm 276ms
17 http fetch GET 200 https://registry.npmjs.org/react 324ms (cache miss)
18 silly packumentCache full:https://registry.npmjs.org/react set size:undefined disposed:false
19 silly fetch manifest react-dom@^18.3.1
20 silly packumentCache full:https://registry.npmjs.org/react-dom cache-miss
21 http fetch GET 200 https://registry.npmjs.org/react-dom 343ms (cache miss)
22 silly packumentCache full:https://registry.npmjs.org/react-dom set size:undefined disposed:false
23 silly fetch manifest @vitejs/plugin-react@^4.3.1
24 silly packumentCache full:https://registry.npmjs.org/@vitejs%2fplugin-react cache-miss
25 http fetch GET 200 https://registry.npmjs.org/@vitejs%2fplugin-react 86ms (cache miss)
26 silly packumentCache full:https://registry.npmjs.org/@vitejs%2fplugin-react set size:undefined disposed:false
27 silly fetch manifest vite@^5.3.1
28 silly packumentCache full:https://registry.npmjs.org/vite cache-miss
29 http fetch GET 200 https://registry.npmjs.org/vite 1626ms (cache miss)
30 silly packumentCache full:https://registry.npmjs.org/vite set size:undefined disposed:false
31 silly fetch manifest @types/node@^18.0.0 || >=20.0.0
32 silly packumentCache full:https://registry.npmjs.org/@types%2fnode cache-miss
33 http fetch GET 200 https://registry.npmjs.org/@types%2fnode 595ms (cache miss)
34 silly packumentCache full:https://registry.npmjs.org/@types%2fnode set size:undefined disposed:false
35 silly fetch manifest less@*
36 silly packumentCache full:https://registry.npmjs.org/less cache-miss
37 http fetch GET 200 https://registry.npmjs.org/less 81ms (cache miss)
38 silly packumentCache full:https://registry.npmjs.org/less set size:undefined disposed:false
39 silly fetch manifest lightningcss@^1.21.0
40 silly packumentCache full:https://registry.npmjs.org/lightningcss cache-miss
41 http fetch GET 200 https://registry.npmjs.org/lightningcss 73ms (cache miss)
42 silly packumentCache full:https://registry.npmjs.org/lightningcss set size:undefined disposed:false
43 silly fetch manifest sass@*
44 silly packumentCache full:https://registry.npmjs.org/sass cache-miss
45 http fetch GET 200 https://registry.npmjs.org/sass 155ms (cache miss)
46 silly packumentCache full:https://registry.npmjs.org/sass set size:undefined disposed:false
47 silly fetch manifest sass-embedded@*
48 silly packumentCache full:https://registry.npmjs.org/sass-embedded cache-miss
49 http fetch GET 200 https://registry.npmjs.org/sass-embedded 95ms (cache miss)
50 silly packumentCache full:https://registry.npmjs.org/sass-embedded set size:undefined disposed:false
51 silly fetch manifest stylus@*
52 silly packumentCache full:https://registry.npmjs.org/stylus cache-miss
53 http fetch GET 200 https://registry.npmjs.org/stylus 93ms (cache miss)
54 silly packumentCache full:https://registry.npmjs.org/stylus set size:undefined disposed:false
55 silly fetch manifest sugarss@*
56 silly packumentCache full:https://registry.npmjs.org/sugarss cache-miss
57 http fetch GET 200 https://registry.npmjs.org/sugarss 79ms (cache miss)
58 silly packumentCache full:https://registry.npmjs.org/sugarss set size:undefined disposed:false
59 silly fetch manifest postcss@^8.4.38
60 silly packumentCache full:https://registry.npmjs.org/postcss cache-miss
61 http fetch GET 200 https://registry.npmjs.org/postcss 120ms (cache miss)
62 silly packumentCache full:https://registry.npmjs.org/postcss set size:undefined disposed:false
63 silly fetch manifest terser@^5.4.0
64 silly packumentCache full:https://registry.npmjs.org/terser cache-miss
65 http fetch GET 200 https://registry.npmjs.org/terser 121ms (cache miss)
66 silly packumentCache full:https://registry.npmjs.org/terser set size:undefined disposed:false
67 silly fetch manifest tailwindcss@^3.4.3
68 silly packumentCache full:https://registry.npmjs.org/tailwindcss cache-miss
69 http fetch GET 200 https://registry.npmjs.org/tailwindcss 364ms (cache miss)
70 silly packumentCache full:https://registry.npmjs.org/tailwindcss set size:undefined disposed:false
71 silly fetch manifest autoprefixer@^10.4.19
72 silly packumentCache full:https://registry.npmjs.org/autoprefixer cache-miss
73 http fetch GET 200 https://registry.npmjs.org/autoprefixer 107ms (cache miss)
74 silly packumentCache full:https://registry.npmjs.org/autoprefixer set size:undefined disposed:false
75 silly placeDep ROOT @vitejs/plugin-react@4.7.0 OK for: interview-learning-assistant@0.1.0 want: ^4.3.1
76 silly placeDep ROOT vite@5.4.21 OK for: @vitejs/plugin-react@4.7.0 want: ^4.2.0 || ^5.0.0 || ^6.0.0 || ^7.0.0
77 silly placeDep ROOT autoprefixer@10.6.1 OK for: interview-learning-assistant@0.1.0 want: ^10.4.19
78 silly placeDep ROOT postcss@8.5.28 OK for: autoprefixer@10.6.1 want: ^8.1.0
79 silly placeDep ROOT react@18.3.1 OK for: interview-learning-assistant@0.1.0 want: ^18.3.1
80 silly placeDep ROOT react-dom@18.3.1 OK for: interview-learning-assistant@0.1.0 want: ^18.3.1
81 silly placeDep ROOT tailwindcss@3.4.19 OK for: interview-learning-assistant@0.1.0 want: ^3.4.3
82 silly fetch manifest @babel/core@^7.28.0
83 silly packumentCache full:https://registry.npmjs.org/@babel%2fcore cache-miss
84 silly fetch manifest react-refresh@^0.17.0
85 silly packumentCache full:https://registry.npmjs.org/react-refresh cache-miss
86 silly fetch manifest @types/babel__core@^7.20.5
87 silly packumentCache full:https://registry.npmjs.org/@types%2fbabel__core cache-miss
88 silly fetch manifest @rolldown/pluginutils@1.0.0-beta.27
89 silly packumentCache full:https://registry.npmjs.org/@rolldown%2fpluginutils cache-miss
90 silly fetch manifest @babel/plugin-transform-react-jsx-self@^7.27.1
91 silly packumentCache full:https://registry.npmjs.org/@babel%2fplugin-transform-react-jsx-self cache-miss
92 silly fetch manifest @babel/plugin-transform-react-jsx-source@^7.27.1
93 silly packumentCache full:https://registry.npmjs.org/@babel%2fplugin-transform-react-jsx-source cache-miss
94 silly fetch manifest rollup@^4.20.0
95 silly packumentCache full:https://registry.npmjs.org/rollup cache-miss
96 http fetch GET 200 https://registry.npmjs.org/@babel%2fcore 211ms (cache miss)
97 silly packumentCache full:https://registry.npmjs.org/@babel%2fcore set size:undefined disposed:false
98 silly fetch manifest esbuild@^0.21.3
99 silly packumentCache full:https://registry.npmjs.org/esbuild cache-miss
100 http fetch GET 200 https://registry.npmjs.org/@types%2fbabel__core 285ms (cache miss)
101 silly packumentCache full:https://registry.npmjs.org/@types%2fbabel__core set size:undefined disposed:false
102 silly fetch manifest postcss@^8.4.43
103 silly packumentCache full:https://registry.npmjs.org/postcss cache-miss
104 http fetch GET 200 https://registry.npmjs.org/@rolldown%2fpluginutils 296ms (cache miss)
105 silly packumentCache full:https://registry.npmjs.org/@rolldown%2fpluginutils set size:undefined disposed:false
106 silly fetch manifest fsevents@~2.3.3
107 silly packumentCache full:https://registry.npmjs.org/fsevents cache-miss
108 http fetch GET 200 https://registry.npmjs.org/@babel%2fplugin-transform-react-jsx-source 310ms (cache miss)
109 silly packumentCache full:https://registry.npmjs.org/@babel%2fplugin-transform-react-jsx-source set size:undefined disposed:false
110 silly fetch manifest picocolors@^1.1.1
111 silly packumentCache full:https://registry.npmjs.org/picocolors cache-miss
112 http cache https://registry.npmjs.org/postcss 94ms (cache hit)
113 silly packumentCache full:https://registry.npmjs.org/postcss set size:766699 disposed:false
114 silly fetch manifest fraction.js@^5.3.4
115 silly packumentCache full:https://registry.npmjs.org/fraction.js cache-miss
116 http fetch GET 200 https://registry.npmjs.org/picocolors 131ms (cache miss)
117 silly packumentCache full:https://registry.npmjs.org/picocolors set size:undefined disposed:false
118 silly fetch manifest browserslist@^4.28.9
119 silly packumentCache full:https://registry.npmjs.org/browserslist cache-miss
120 http fetch GET 200 https://registry.npmjs.org/fsevents 149ms (cache miss)
121 silly packumentCache full:https://registry.npmjs.org/fsevents set size:undefined disposed:false
122 silly fetch manifest caniuse-lite@^1.0.30001810
123 silly packumentCache full:https://registry.npmjs.org/caniuse-lite cache-miss
124 http fetch GET 200 https://registry.npmjs.org/fraction.js 125ms (cache miss)
125 silly packumentCache full:https://registry.npmjs.org/fraction.js set size:undefined disposed:false
126 silly fetch manifest postcss-value-parser@^4.2.0
127 silly packumentCache full:https://registry.npmjs.org/postcss-value-parser cache-miss
128 http fetch GET 200 https://registry.npmjs.org/esbuild 331ms (cache miss)
129 silly packumentCache full:https://registry.npmjs.org/esbuild set size:undefined disposed:false
130 silly fetch manifest nanoid@^3.3.18
131 silly packumentCache full:https://registry.npmjs.org/nanoid cache-miss
132 http fetch GET 200 https://registry.npmjs.org/@babel%2fplugin-transform-react-jsx-self 570ms (cache miss)
133 silly packumentCache full:https://registry.npmjs.org/@babel%2fplugin-transform-react-jsx-self set size:undefined disposed:false
134 silly fetch manifest source-map-js@^1.2.1
135 silly packumentCache full:https://registry.npmjs.org/source-map-js cache-miss
136 http fetch GET 200 https://registry.npmjs.org/browserslist 218ms (cache miss)
137 silly packumentCache full:https://registry.npmjs.org/browserslist set size:undefined disposed:false
138 silly fetch manifest loose-envify@^1.1.0
139 silly packumentCache full:https://registry.npmjs.org/loose-envify cache-miss
140 http fetch GET 200 https://registry.npmjs.org/source-map-js 116ms (cache miss)
141 silly packumentCache full:https://registry.npmjs.org/source-map-js set size:undefined disposed:false
142 silly fetch manifest scheduler@^0.23.2
143 silly packumentCache full:https://registry.npmjs.org/scheduler cache-miss
144 http fetch GET 200 https://registry.npmjs.org/nanoid 163ms (cache miss)
145 silly packumentCache full:https://registry.npmjs.org/nanoid set size:undefined disposed:false
146 silly fetch manifest loose-envify@^1.1.0
147 silly packumentCache full:https://registry.npmjs.org/loose-envify cache-miss
148 http fetch GET 200 https://registry.npmjs.org/loose-envify 89ms (cache miss)
149 silly packumentCache full:https://registry.npmjs.org/loose-envify set size:undefined disposed:false
150 silly fetch manifest arg@^5.0.2
151 silly packumentCache full:https://registry.npmjs.org/arg cache-miss
152 http fetch GET 200 https://registry.npmjs.org/react-refresh 827ms (cache miss)
153 silly packumentCache full:https://registry.npmjs.org/react-refresh set size:undefined disposed:false
154 silly fetch manifest dlv@^1.1.3
155 silly packumentCache full:https://registry.npmjs.org/dlv cache-miss
156 http fetch GET 200 https://registry.npmjs.org/caniuse-lite 535ms (cache miss)
157 silly packumentCache full:https://registry.npmjs.org/caniuse-lite set size:undefined disposed:false
158 silly fetch manifest jiti@^1.21.7
159 silly packumentCache full:https://registry.npmjs.org/jiti cache-miss
160 http fetch GET 200 https://registry.npmjs.org/postcss-value-parser 519ms (cache miss)
161 silly packumentCache full:https://registry.npmjs.org/postcss-value-parser set size:undefined disposed:false
162 silly fetch manifest is-glob@^4.0.3
163 silly packumentCache full:https://registry.npmjs.org/is-glob cache-miss
164 http fetch GET 200 https://registry.npmjs.org/arg 283ms (cache miss)
165 silly packumentCache full:https://registry.npmjs.org/arg set size:undefined disposed:false
166 silly fetch manifest resolve@^1.22.8
167 silly packumentCache full:https://registry.npmjs.org/resolve cache-miss
168 http fetch GET 200 https://registry.npmjs.org/loose-envify 342ms (cache miss)
169 silly packumentCache full:https://registry.npmjs.org/loose-envify set size:undefined disposed:false
170 silly fetch manifest sucrase@^3.35.0
171 silly packumentCache full:https://registry.npmjs.org/sucrase cache-miss
172 http fetch GET 200 https://registry.npmjs.org/dlv 155ms (cache miss)
173 silly packumentCache full:https://registry.npmjs.org/dlv set size:undefined disposed:false
174 silly fetch manifest chokidar@^3.6.0
175 silly packumentCache full:https://registry.npmjs.org/chokidar cache-miss
176 http fetch GET 200 https://registry.npmjs.org/is-glob 109ms (cache miss)
177 silly packumentCache full:https://registry.npmjs.org/is-glob set size:undefined disposed:false
178 silly fetch manifest fast-glob@^3.3.2
179 silly packumentCache full:https://registry.npmjs.org/fast-glob cache-miss
180 http fetch GET 200 https://registry.npmjs.org/resolve 131ms (cache miss)
181 silly packumentCache full:https://registry.npmjs.org/resolve set size:undefined disposed:false
182 silly fetch manifest lilconfig@^3.1.3
183 silly packumentCache full:https://registry.npmjs.org/lilconfig cache-miss
184 http fetch GET 200 https://registry.npmjs.org/jiti 167ms (cache miss)
185 silly packumentCache full:https://registry.npmjs.org/jiti set size:undefined disposed:false
186 silly fetch manifest didyoumean@^1.2.2
187 silly packumentCache full:https://registry.npmjs.org/didyoumean cache-miss
188 http fetch GET 200 https://registry.npmjs.org/chokidar 143ms (cache miss)
189 silly packumentCache full:https://registry.npmjs.org/chokidar set size:undefined disposed:false
190 silly fetch manifest micromatch@^4.0.8
191 silly packumentCache full:https://registry.npmjs.org/micromatch cache-miss
192 http fetch GET 200 https://registry.npmjs.org/sucrase 171ms (cache miss)
193 silly packumentCache full:https://registry.npmjs.org/sucrase set size:undefined disposed:false
194 silly fetch manifest postcss-js@^4.0.1
195 silly packumentCache full:https://registry.npmjs.org/postcss-js cache-miss
196 http fetch GET 200 https://registry.npmjs.org/fast-glob 147ms (cache miss)
197 silly packumentCache full:https://registry.npmjs.org/fast-glob set size:undefined disposed:false
198 silly fetch manifest glob-parent@^6.0.2
199 silly packumentCache full:https://registry.npmjs.org/glob-parent cache-miss
200 http fetch GET 200 https://registry.npmjs.org/lilconfig 120ms (cache miss)
201 silly packumentCache full:https://registry.npmjs.org/lilconfig set size:undefined disposed:false
202 silly fetch manifest object-hash@^3.0.0
203 silly packumentCache full:https://registry.npmjs.org/object-hash cache-miss
204 http fetch GET 200 https://registry.npmjs.org/didyoumean 116ms (cache miss)
205 silly packumentCache full:https://registry.npmjs.org/didyoumean set size:undefined disposed:false
206 silly fetch manifest normalize-path@^3.0.0
207 silly packumentCache full:https://registry.npmjs.org/normalize-path cache-miss
208 http fetch GET 200 https://registry.npmjs.org/postcss-js 99ms (cache miss)
209 silly packumentCache full:https://registry.npmjs.org/postcss-js set size:undefined disposed:false
210 silly fetch manifest postcss-import@^15.1.0
211 silly packumentCache full:https://registry.npmjs.org/postcss-import cache-miss
212 http fetch GET 200 https://registry.npmjs.org/micromatch 139ms (cache miss)
213 silly packumentCache full:https://registry.npmjs.org/micromatch set size:undefined disposed:false
214 silly fetch manifest postcss-nested@^6.2.0
215 silly packumentCache full:https://registry.npmjs.org/postcss-nested cache-miss
216 http fetch GET 200 https://registry.npmjs.org/glob-parent 88ms (cache miss)
217 silly packumentCache full:https://registry.npmjs.org/glob-parent set size:undefined disposed:false
218 silly fetch manifest @alloc/quick-lru@^5.2.0
219 silly packumentCache full:https://registry.npmjs.org/@alloc%2fquick-lru cache-miss
220 http fetch GET 200 https://registry.npmjs.org/rollup 1422ms (cache miss)
221 silly packumentCache full:https://registry.npmjs.org/rollup set size:undefined disposed:false
222 silly fetch manifest postcss-load-config@^4.0.2 || ^5.0 || ^6.0
223 silly packumentCache full:https://registry.npmjs.org/postcss-load-config cache-miss
224 http fetch GET 200 https://registry.npmjs.org/normalize-path 217ms (cache miss)
225 silly packumentCache full:https://registry.npmjs.org/normalize-path set size:undefined disposed:false
226 silly fetch manifest postcss-selector-parser@^6.1.2
227 silly packumentCache full:https://registry.npmjs.org/postcss-selector-parser cache-miss
228 http fetch GET 200 https://registry.npmjs.org/object-hash 229ms (cache miss)
229 silly packumentCache full:https://registry.npmjs.org/object-hash set size:undefined disposed:false
230 http fetch GET 200 https://registry.npmjs.org/@alloc%2fquick-lru 210ms (cache miss)
231 silly packumentCache full:https://registry.npmjs.org/@alloc%2fquick-lru set size:undefined disposed:false
232 http fetch GET 200 https://registry.npmjs.org/postcss-import 248ms (cache miss)
233 silly packumentCache full:https://registry.npmjs.org/postcss-import set size:undefined disposed:false
234 http fetch GET 200 https://registry.npmjs.org/postcss-nested 237ms (cache miss)
235 silly packumentCache full:https://registry.npmjs.org/postcss-nested set size:undefined disposed:false
236 http fetch GET 200 https://registry.npmjs.org/postcss-load-config 104ms (cache miss)
237 silly packumentCache full:https://registry.npmjs.org/postcss-load-config set size:undefined disposed:false
238 http fetch GET 200 https://registry.npmjs.org/postcss-selector-parser 102ms (cache miss)
239 silly packumentCache full:https://registry.npmjs.org/postcss-selector-parser set size:undefined disposed:false
240 http fetch GET 200 https://registry.npmjs.org/scheduler 980ms (cache miss)
241 silly packumentCache full:https://registry.npmjs.org/scheduler set size:undefined disposed:false
242 silly placeDep ROOT @babel/core@7.29.7 OK for: @vitejs/plugin-react@4.7.0 want: ^7.28.0
243 silly placeDep ROOT @babel/plugin-transform-react-jsx-self@7.29.7 OK for: @vitejs/plugin-react@4.7.0 want: ^7.27.1
244 silly placeDep ROOT @babel/plugin-transform-react-jsx-source@7.29.7 OK for: @vitejs/plugin-react@4.7.0 want: ^7.27.1
245 silly placeDep ROOT @rolldown/pluginutils@1.0.0-beta.27 OK for: @vitejs/plugin-react@4.7.0 want: 1.0.0-beta.27
246 silly placeDep ROOT @types/babel__core@7.20.5 OK for: @vitejs/plugin-react@4.7.0 want: ^7.20.5
247 silly placeDep ROOT react-refresh@0.17.0 OK for: @vitejs/plugin-react@4.7.0 want: ^0.17.0
248 silly fetch manifest debug@^4.1.0
249 silly packumentCache full:https://registry.npmjs.org/debug cache-miss
250 silly fetch manifest json5@^2.2.3
251 silly packumentCache full:https://registry.npmjs.org/json5 cache-miss
252 silly fetch manifest semver@^6.3.1
253 silly packumentCache full:https://registry.npmjs.org/semver cache-miss
254 silly fetch manifest gensync@^1.0.0-beta.2
255 silly packumentCache full:https://registry.npmjs.org/gensync cache-miss
256 silly fetch manifest @babel/types@^7.29.7
257 silly packumentCache full:https://registry.npmjs.org/@babel%2ftypes cache-miss
258 silly fetch manifest @babel/parser@^7.29.7
259 silly packumentCache full:https://registry.npmjs.org/@babel%2fparser cache-miss
260 silly fetch manifest @babel/helpers@^7.29.7
261 silly packumentCache full:https://registry.npmjs.org/@babel%2fhelpers cache-miss
262 http fetch GET 200 https://registry.npmjs.org/gensync 93ms (cache miss)
263 silly packumentCache full:https://registry.npmjs.org/gensync set size:undefined disposed:false
264 silly fetch manifest @babel/template@^7.29.7
265 silly packumentCache full:https://registry.npmjs.org/@babel%2ftemplate cache-miss
266 http fetch GET 200 https://registry.npmjs.org/json5 107ms (cache miss)
267 silly packumentCache full:https://registry.npmjs.org/json5 set size:undefined disposed:false
268 silly fetch manifest @babel/traverse@^7.29.7
269 silly packumentCache full:https://registry.npmjs.org/@babel%2ftraverse cache-miss
270 http fetch GET 200 https://registry.npmjs.org/debug 114ms (cache miss)
271 silly packumentCache full:https://registry.npmjs.org/debug set size:undefined disposed:false
272 silly fetch manifest @babel/generator@^7.29.7
273 silly packumentCache full:https://registry.npmjs.org/@babel%2fgenerator cache-miss
274 http fetch GET 200 https://registry.npmjs.org/semver 125ms (cache miss)
275 silly packumentCache full:https://registry.npmjs.org/semver set size:undefined disposed:false
276 silly fetch manifest @babel/code-frame@^7.29.7
277 silly packumentCache full:https://registry.npmjs.org/@babel%2fcode-frame cache-miss
278 http fetch GET 200 https://registry.npmjs.org/@babel%2fhelpers 150ms (cache miss)
279 silly packumentCache full:https://registry.npmjs.org/@babel%2fhelpers set size:undefined disposed:false
280 silly fetch manifest convert-source-map@^2.0.0
281 silly packumentCache full:https://registry.npmjs.org/convert-source-map cache-miss
282 http fetch GET 200 https://registry.npmjs.org/@babel%2ftypes 180ms (cache miss)
283 silly packumentCache full:https://registry.npmjs.org/@babel%2ftypes set size:undefined disposed:false
284 silly fetch manifest @jridgewell/remapping@^2.3.5
285 silly packumentCache full:https://registry.npmjs.org/@jridgewell%2fremapping cache-miss
286 http fetch GET 200 https://registry.npmjs.org/@babel%2fparser 232ms (cache miss)
287 silly packumentCache full:https://registry.npmjs.org/@babel%2fparser set size:undefined disposed:false
288 silly fetch manifest @babel/helper-module-transforms@^7.29.7
289 silly packumentCache full:https://registry.npmjs.org/@babel%2fhelper-module-transforms cache-miss
290 http fetch GET 200 https://registry.npmjs.org/@babel%2ftemplate 167ms (cache miss)
291 silly packumentCache full:https://registry.npmjs.org/@babel%2ftemplate set size:undefined disposed:false
292 silly fetch manifest @babel/helper-compilation-targets@^7.29.7
293 silly packumentCache full:https://registry.npmjs.org/@babel%2fhelper-compilation-targets cache-miss
294 http fetch GET 200 https://registry.npmjs.org/convert-source-map 119ms (cache miss)
295 silly packumentCache full:https://registry.npmjs.org/convert-source-map set size:undefined disposed:false
296 silly fetch manifest @babel/helper-plugin-utils@^7.29.7
297 silly packumentCache full:https://registry.npmjs.org/@babel%2fhelper-plugin-utils cache-miss
298 http fetch GET 200 https://registry.npmjs.org/@babel%2fcode-frame 159ms (cache miss)
299 silly packumentCache full:https://registry.npmjs.org/@babel%2fcode-frame set size:undefined disposed:false
300 silly fetch manifest @babel/helper-plugin-utils@^7.29.7
301 silly packumentCache full:https://registry.npmjs.org/@babel%2fhelper-plugin-utils cache-miss
302 http fetch GET 200 https://registry.npmjs.org/@jridgewell%2fremapping 123ms (cache miss)
303 silly packumentCache full:https://registry.npmjs.org/@jridgewell%2fremapping set size:undefined disposed:false
304 silly fetch manifest @babel/types@^7.20.7
305 silly packumentCache full:https://registry.npmjs.org/@babel%2ftypes cache-miss
306 http fetch GET 200 https://registry.npmjs.org/@babel%2ftraverse 223ms (cache miss)
307 silly packumentCache full:https://registry.npmjs.org/@babel%2ftraverse set size:undefined disposed:false
308 silly fetch manifest @babel/parser@^7.20.7
309 silly packumentCache full:https://registry.npmjs.org/@babel%2fparser cache-miss
310 http fetch GET 200 https://registry.npmjs.org/@babel%2fgenerator 239ms (cache miss)
311 silly packumentCache full:https://registry.npmjs.org/@babel%2fgenerator set size:undefined disposed:false
312 silly fetch manifest @types/babel__template@*
313 silly packumentCache full:https://registry.npmjs.org/@types%2fbabel__template cache-miss
314 http cache https://registry.npmjs.org/@babel%2ftypes 80ms (cache hit)
315 silly packumentCache full:https://registry.npmjs.org/@babel%2ftypes set size:507562 disposed:false
316 silly fetch manifest @types/babel__traverse@*
317 silly packumentCache full:https://registry.npmjs.org/@types%2fbabel__traverse cache-miss
318 http fetch GET 200 https://registry.npmjs.org/@babel%2fhelper-module-transforms 180ms (cache miss)
319 silly packumentCache full:https://registry.npmjs.org/@babel%2fhelper-module-transforms set size:undefined disposed:false
320 silly fetch manifest @types/babel__generator@*
321 silly packumentCache full:https://registry.npmjs.org/@types%2fbabel__generator cache-miss
322 http cache https://registry.npmjs.org/@babel%2fparser 107ms (cache hit)
323 silly packumentCache full:https://registry.npmjs.org/@babel%2fparser set size:745724 disposed:false
324 http fetch GET 200 https://registry.npmjs.org/@babel%2fhelper-plugin-utils 186ms (cache miss)
325 silly packumentCache full:https://registry.npmjs.org/@babel%2fhelper-plugin-utils set size:undefined disposed:false
326 http fetch GET 200 https://registry.npmjs.org/@babel%2fhelper-plugin-utils 178ms (cache miss)
327 silly packumentCache full:https://registry.npmjs.org/@babel%2fhelper-plugin-utils set size:undefined disposed:false
328 http fetch GET 200 https://registry.npmjs.org/@babel%2fhelper-compilation-targets 222ms (cache miss)
329 silly packumentCache full:https://registry.npmjs.org/@babel%2fhelper-compilation-targets set size:undefined disposed:false
330 http fetch GET 200 https://registry.npmjs.org/@types%2fbabel__template 139ms (cache miss)
331 silly packumentCache full:https://registry.npmjs.org/@types%2fbabel__template set size:undefined disposed:false
332 http fetch GET 200 https://registry.npmjs.org/@types%2fbabel__traverse 105ms (cache miss)
333 silly packumentCache full:https://registry.npmjs.org/@types%2fbabel__traverse set size:undefined disposed:false
334 http fetch GET 200 https://registry.npmjs.org/@types%2fbabel__generator 87ms (cache miss)
335 silly packumentCache full:https://registry.npmjs.org/@types%2fbabel__generator set size:undefined disposed:false
336 silly fetch manifest @babel/core@^7.0.0
337 silly packumentCache full:https://registry.npmjs.org/@babel%2fcore cache-miss
338 http cache https://registry.npmjs.org/@babel%2fcore 21ms (cache hit)
339 silly packumentCache full:https://registry.npmjs.org/@babel%2fcore set size:797193 disposed:false
340 silly placeDep ROOT @babel/code-frame@7.29.7 OK for: @babel/core@7.29.7 want: ^7.29.7
341 silly placeDep ROOT @babel/generator@7.29.8 OK for: @babel/core@7.29.7 want: ^7.29.7
342 silly placeDep ROOT @babel/helper-compilation-targets@7.29.7 OK for: @babel/core@7.29.7 want: ^7.29.7
343 silly placeDep ROOT @babel/helper-module-transforms@7.29.7 OK for: @babel/core@7.29.7 want: ^7.29.7
344 silly placeDep ROOT @babel/helpers@7.29.7 OK for: @babel/core@7.29.7 want: ^7.29.7
345 silly placeDep ROOT @babel/parser@7.29.9 OK for: @babel/core@7.29.7 want: ^7.29.7
346 silly placeDep ROOT @babel/template@7.29.7 OK for: @babel/core@7.29.7 want: ^7.29.7
347 silly placeDep ROOT @babel/traverse@7.29.8 OK for: @babel/core@7.29.7 want: ^7.29.7
348 silly placeDep ROOT @babel/types@7.29.8 OK for: @babel/core@7.29.7 want: ^7.29.7
349 silly placeDep ROOT @jridgewell/remapping@2.3.5 OK for: @babel/core@7.29.7 want: ^2.3.5
350 silly placeDep ROOT convert-source-map@2.0.0 OK for: @babel/core@7.29.7 want: ^2.0.0
351 silly placeDep ROOT debug@4.4.3 OK for: @babel/core@7.29.7 want: ^4.1.0
352 silly placeDep ROOT gensync@1.0.0-beta.2 OK for: @babel/core@7.29.7 want: ^1.0.0-beta.2
353 silly placeDep ROOT json5@2.2.3 OK for: @babel/core@7.29.7 want: ^2.2.3
354 silly placeDep ROOT semver@6.3.1 OK for: @babel/core@7.29.7 want: ^6.3.1
355 silly fetch manifest js-tokens@^4.0.0
356 silly packumentCache full:https://registry.npmjs.org/js-tokens cache-miss
357 silly fetch manifest @babel/helper-validator-identifier@^7.29.7
358 silly packumentCache full:https://registry.npmjs.org/@babel%2fhelper-validator-identifier cache-miss
359 silly fetch manifest jsesc@^3.0.2
360 silly packumentCache full:https://registry.npmjs.org/jsesc cache-miss
361 silly fetch manifest @babel/types@^7.29.8
362 silly packumentCache full:https://registry.npmjs.org/@babel%2ftypes cache-hit
363 silly fetch manifest @babel/parser@^7.29.8
364 silly packumentCache full:https://registry.npmjs.org/@babel%2fparser cache-hit
365 silly fetch manifest @jridgewell/gen-mapping@^0.3.12
366 silly packumentCache full:https://registry.npmjs.org/@jridgewell%2fgen-mapping cache-miss
367 silly fetch manifest @jridgewell/trace-mapping@^0.3.28
368 silly packumentCache full:https://registry.npmjs.org/@jridgewell%2ftrace-mapping cache-miss
369 silly fetch manifest lru-cache@^5.1.1
370 silly packumentCache full:https://registry.npmjs.org/lru-cache cache-miss
371 silly fetch manifest browserslist@^4.24.0
372 silly packumentCache full:https://registry.npmjs.org/browserslist cache-miss
373 http cache https://registry.npmjs.org/browserslist 24ms (cache hit)
374 silly packumentCache full:https://registry.npmjs.org/browserslist set size:525727 disposed:false
375 silly fetch manifest @babel/compat-data@^7.29.7
376 silly packumentCache full:https://registry.npmjs.org/@babel%2fcompat-data cache-miss
377 http fetch GET 200 https://registry.npmjs.org/js-tokens 94ms (cache miss)
378 silly packumentCache full:https://registry.npmjs.org/js-tokens set size:undefined disposed:false
379 silly fetch manifest @babel/helper-validator-option@^7.29.7
380 silly packumentCache full:https://registry.npmjs.org/@babel%2fhelper-validator-option cache-miss
381 http fetch GET 200 https://registry.npmjs.org/jsesc 97ms (cache miss)
382 silly packumentCache full:https://registry.npmjs.org/jsesc set size:undefined disposed:false
383 silly fetch manifest @babel/helper-module-imports@^7.29.7
384 silly packumentCache full:https://registry.npmjs.org/@babel%2fhelper-module-imports cache-miss
385 http fetch GET 200 https://registry.npmjs.org/@jridgewell%2fgen-mapping 109ms (cache miss)
386 silly packumentCache full:https://registry.npmjs.org/@jridgewell%2fgen-mapping set size:undefined disposed:false
387 silly fetch manifest @babel/helper-validator-identifier@^7.29.7
388 silly packumentCache full:https://registry.npmjs.org/@babel%2fhelper-validator-identifier cache-miss
389 http fetch GET 200 https://registry.npmjs.org/@babel%2fhelper-validator-identifier 128ms (cache miss)
390 silly packumentCache full:https://registry.npmjs.org/@babel%2fhelper-validator-identifier set size:undefined disposed:false
391 silly fetch manifest debug@^4.3.1
392 silly packumentCache full:https://registry.npmjs.org/debug cache-miss
393 http fetch GET 200 https://registry.npmjs.org/@jridgewell%2ftrace-mapping 126ms (cache miss)
394 silly packumentCache full:https://registry.npmjs.org/@jridgewell%2ftrace-mapping set size:undefined disposed:false
395 silly fetch manifest @babel/helper-globals@^7.29.7
396 silly packumentCache full:https://registry.npmjs.org/@babel%2fhelper-globals cache-miss
397 http fetch GET 200 https://registry.npmjs.org/lru-cache 136ms (cache miss)
398 silly packumentCache full:https://registry.npmjs.org/lru-cache set size:undefined disposed:false
399 silly fetch manifest @babel/helper-string-parser@^7.29.7
400 silly packumentCache full:https://registry.npmjs.org/@babel%2fhelper-string-parser cache-miss
401 http cache https://registry.npmjs.org/debug 60ms (cache hit)
402 silly packumentCache full:https://registry.npmjs.org/debug set size:195840 disposed:false
403 silly fetch manifest @jridgewell/gen-mapping@^0.3.5
404 silly packumentCache full:https://registry.npmjs.org/@jridgewell%2fgen-mapping cache-miss
405 http fetch GET 200 https://registry.npmjs.org/@babel%2fhelper-validator-identifier 90ms (cache miss)
406 silly packumentCache full:https://registry.npmjs.org/@babel%2fhelper-validator-identifier set size:undefined disposed:false
407 silly fetch manifest @jridgewell/trace-mapping@^0.3.24
408 silly packumentCache full:https://registry.npmjs.org/@jridgewell%2ftrace-mapping cache-miss
409 http fetch GET 200 https://registry.npmjs.org/@babel%2fcompat-data 170ms (cache miss)
410 silly packumentCache full:https://registry.npmjs.org/@babel%2fcompat-data set size:undefined disposed:false
411 silly fetch manifest ms@^2.1.3
412 silly packumentCache full:https://registry.npmjs.org/ms cache-miss
413 http fetch GET 200 https://registry.npmjs.org/@babel%2fhelper-module-imports 142ms (cache miss)
414 silly packumentCache full:https://registry.npmjs.org/@babel%2fhelper-module-imports set size:undefined disposed:false
415 http cache https://registry.npmjs.org/@jridgewell%2fgen-mapping 52ms (cache hit)
416 silly packumentCache full:https://registry.npmjs.org/@jridgewell%2fgen-mapping set size:75941 disposed:false
417 http fetch GET 200 https://registry.npmjs.org/@babel%2fhelper-globals 115ms (cache miss)
418 silly packumentCache full:https://registry.npmjs.org/@babel%2fhelper-globals set size:undefined disposed:false
419 http cache https://registry.npmjs.org/@jridgewell%2ftrace-mapping 49ms (cache hit)
420 silly packumentCache full:https://registry.npmjs.org/@jridgewell%2ftrace-mapping set size:170909 disposed:false
421 http fetch GET 200 https://registry.npmjs.org/@babel%2fhelper-string-parser 111ms (cache miss)
422 silly packumentCache full:https://registry.npmjs.org/@babel%2fhelper-string-parser set size:undefined disposed:false
423 http fetch GET 200 https://registry.npmjs.org/ms 69ms (cache miss)
424 silly packumentCache full:https://registry.npmjs.org/ms set size:undefined disposed:false
425 http fetch GET 200 https://registry.npmjs.org/@babel%2fhelper-validator-option 329ms (cache miss)
426 silly packumentCache full:https://registry.npmjs.org/@babel%2fhelper-validator-option set size:undefined disposed:false
427 silly placeDep ROOT @babel/helper-validator-identifier@7.29.7 OK for: @babel/code-frame@7.29.7 want: ^7.29.7
428 silly placeDep ROOT js-tokens@4.0.0 OK for: @babel/code-frame@7.29.7 want: ^4.0.0
429 silly placeDep ROOT picocolors@1.1.1 OK for: @babel/code-frame@7.29.7 want: ^1.1.1
430 silly placeDep ROOT @jridgewell/gen-mapping@0.3.13 OK for: @babel/generator@7.29.8 want: ^0.3.12
431 silly placeDep ROOT @jridgewell/trace-mapping@0.3.31 OK for: @babel/generator@7.29.8 want: ^0.3.28
432 silly placeDep ROOT jsesc@3.1.0 OK for: @babel/generator@7.29.8 want: ^3.0.2
433 silly fetch manifest @jridgewell/sourcemap-codec@^1.5.0
434 silly packumentCache full:https://registry.npmjs.org/@jridgewell%2fsourcemap-codec cache-miss
435 silly fetch manifest @jridgewell/resolve-uri@^3.1.0
436 silly packumentCache full:https://registry.npmjs.org/@jridgewell%2fresolve-uri cache-miss
437 silly fetch manifest @jridgewell/sourcemap-codec@^1.4.14
438 silly packumentCache full:https://registry.npmjs.org/@jridgewell%2fsourcemap-codec cache-miss
439 http fetch GET 200 https://registry.npmjs.org/@jridgewell%2fsourcemap-codec 77ms (cache miss)
440 silly packumentCache full:https://registry.npmjs.org/@jridgewell%2fsourcemap-codec set size:undefined disposed:false
441 http fetch GET 200 https://registry.npmjs.org/@jridgewell%2fsourcemap-codec 83ms (cache miss)
442 silly packumentCache full:https://registry.npmjs.org/@jridgewell%2fsourcemap-codec set size:undefined disposed:false
443 http fetch GET 200 https://registry.npmjs.org/@jridgewell%2fresolve-uri 85ms (cache miss)
444 silly packumentCache full:https://registry.npmjs.org/@jridgewell%2fresolve-uri set size:undefined disposed:false
445 silly placeDep ROOT @babel/compat-data@7.29.7 OK for: @babel/helper-compilation-targets@7.29.7 want: ^7.29.7
446 silly placeDep ROOT @babel/helper-validator-option@7.29.7 OK for: @babel/helper-compilation-targets@7.29.7 want: ^7.29.7
447 silly placeDep ROOT browserslist@4.29.1 OK for: @babel/helper-compilation-targets@7.29.7 want: ^4.24.0
448 silly placeDep ROOT lru-cache@5.1.1 OK for: @babel/helper-compilation-targets@7.29.7 want: ^5.1.1
449 silly fetch manifest node-releases@^2.0.57
450 silly packumentCache full:https://registry.npmjs.org/node-releases cache-miss
451 silly fetch manifest electron-to-chromium@^1.5.438
452 silly packumentCache full:https://registry.npmjs.org/electron-to-chromium cache-miss
453 silly fetch manifest update-browserslist-db@^1.3.3
454 silly packumentCache full:https://registry.npmjs.org/update-browserslist-db cache-miss
455 silly fetch manifest baseline-browser-mapping@^2.11.25
456 silly packumentCache full:https://registry.npmjs.org/baseline-browser-mapping cache-miss
457 silly fetch manifest yallist@^3.0.2
458 silly packumentCache full:https://registry.npmjs.org/yallist cache-miss
459 http fetch GET 200 https://registry.npmjs.org/yallist 268ms (cache miss)
460 silly packumentCache full:https://registry.npmjs.org/yallist set size:undefined disposed:false
461 http fetch GET 200 https://registry.npmjs.org/update-browserslist-db 309ms (cache miss)
462 silly packumentCache full:https://registry.npmjs.org/update-browserslist-db set size:undefined disposed:false
463 http fetch GET 200 https://registry.npmjs.org/node-releases 330ms (cache miss)
464 silly packumentCache full:https://registry.npmjs.org/node-releases set size:undefined disposed:false
465 http fetch GET 200 https://registry.npmjs.org/baseline-browser-mapping 348ms (cache miss)
466 silly packumentCache full:https://registry.npmjs.org/baseline-browser-mapping set size:undefined disposed:false
467 http fetch GET 200 https://registry.npmjs.org/electron-to-chromium 500ms (cache miss)
468 silly packumentCache full:https://registry.npmjs.org/electron-to-chromium set size:undefined disposed:false
469 silly placeDep ROOT @babel/helper-module-imports@7.29.7 OK for: @babel/helper-module-transforms@7.29.7 want: ^7.29.7
470 silly placeDep ROOT @babel/helper-plugin-utils@7.29.7 OK for: @babel/plugin-transform-react-jsx-self@7.29.7 want: ^7.29.7
471 silly placeDep ROOT @babel/helper-globals@7.29.7 OK for: @babel/traverse@7.29.8 want: ^7.29.7
472 silly placeDep ROOT @babel/helper-string-parser@7.29.7 OK for: @babel/types@7.29.8 want: ^7.29.7
473 silly placeDep ROOT @jridgewell/sourcemap-codec@1.6.0 OK for: @jridgewell/gen-mapping@0.3.13 want: ^1.5.0
474 silly placeDep ROOT @jridgewell/resolve-uri@3.1.2 OK for: @jridgewell/trace-mapping@0.3.31 want: ^3.1.0
475 silly placeDep ROOT @types/babel__generator@7.27.0 OK for: @types/babel__core@7.20.5 want: *
476 silly placeDep ROOT @types/babel__template@7.4.4 OK for: @types/babel__core@7.20.5 want: *
477 silly placeDep ROOT @types/babel__traverse@7.28.0 OK for: @types/babel__core@7.20.5 want: *
478 silly placeDep ROOT caniuse-lite@1.0.30001812 OK for: autoprefixer@10.6.1 want: ^1.0.30001810
479 silly placeDep ROOT fraction.js@5.3.4 OK for: autoprefixer@10.6.1 want: ^5.3.4
480 silly placeDep ROOT postcss-value-parser@4.2.0 OK for: autoprefixer@10.6.1 want: ^4.2.0
481 silly fetch manifest browserslist@>= 4.21.0
482 silly packumentCache full:https://registry.npmjs.org/browserslist cache-hit
483 silly placeDep ROOT baseline-browser-mapping@2.11.26 OK for: browserslist@4.29.1 want: ^2.11.25
484 silly placeDep ROOT electron-to-chromium@1.5.439 OK for: browserslist@4.29.1 want: ^1.5.438
485 silly placeDep ROOT node-releases@2.0.57 OK for: browserslist@4.29.1 want: ^2.0.57
486 silly placeDep ROOT update-browserslist-db@1.3.3 OK for: browserslist@4.29.1 want: ^1.3.3
487 silly fetch manifest escalade@^3.2.0
488 silly packumentCache full:https://registry.npmjs.org/escalade cache-miss
489 http fetch GET 200 https://registry.npmjs.org/escalade 68ms (cache miss)
490 silly packumentCache full:https://registry.npmjs.org/escalade set size:undefined disposed:false
491 silly placeDep ROOT ms@2.1.3 OK for: debug@4.4.3 want: ^2.1.3
492 silly placeDep ROOT yallist@3.1.1 OK for: lru-cache@5.1.1 want: ^3.0.2
493 silly placeDep ROOT nanoid@3.3.19 OK for: postcss@8.5.28 want: ^3.3.18
494 silly placeDep ROOT source-map-js@1.2.1 OK for: postcss@8.5.28 want: ^1.2.1
495 silly placeDep ROOT loose-envify@1.4.0 OK for: react@18.3.1 want: ^1.1.0
496 silly placeDep ROOT scheduler@0.23.2 OK for: react-dom@18.3.1 want: ^0.23.2
497 silly fetch manifest postcss@^8.4.47
498 silly packumentCache full:https://registry.npmjs.org/postcss cache-hit
499 silly fetch manifest tsx@^4.8.1
500 silly packumentCache full:https://registry.npmjs.org/tsx cache-miss
501 http fetch GET 200 https://registry.npmjs.org/tsx 75ms (cache miss)
502 silly packumentCache full:https://registry.npmjs.org/tsx set size:undefined disposed:false
503 silly fetch manifest yaml@^2.4.2
504 silly packumentCache full:https://registry.npmjs.org/yaml cache-miss
505 http fetch GET 200 https://registry.npmjs.org/yaml 69ms (cache miss)
506 silly packumentCache full:https://registry.npmjs.org/yaml set size:undefined disposed:false
507 silly placeDep ROOT @alloc/quick-lru@5.3.0 OK for: tailwindcss@3.4.19 want: ^5.2.0
508 silly placeDep ROOT arg@5.0.2 OK for: tailwindcss@3.4.19 want: ^5.0.2
509 silly placeDep ROOT chokidar@3.6.0 OK for: tailwindcss@3.4.19 want: ^3.6.0
510 silly placeDep ROOT didyoumean@1.2.2 OK for: tailwindcss@3.4.19 want: ^1.2.2
511 silly placeDep ROOT dlv@1.1.3 OK for: tailwindcss@3.4.19 want: ^1.1.3
512 silly placeDep ROOT fast-glob@3.3.3 OK for: tailwindcss@3.4.19 want: ^3.3.2
513 silly placeDep ROOT glob-parent@6.0.2 OK for: tailwindcss@3.4.19 want: ^6.0.2
514 silly placeDep ROOT is-glob@4.0.3 OK for: tailwindcss@3.4.19 want: ^4.0.3
515 silly placeDep ROOT jiti@1.21.7 OK for: tailwindcss@3.4.19 want: ^1.21.7
516 silly placeDep ROOT lilconfig@3.1.3 OK for: tailwindcss@3.4.19 want: ^3.1.3
517 silly placeDep ROOT micromatch@4.0.8 OK for: tailwindcss@3.4.19 want: ^4.0.8
518 silly placeDep ROOT normalize-path@3.0.0 OK for: tailwindcss@3.4.19 want: ^3.0.0
519 silly placeDep ROOT object-hash@3.0.0 OK for: tailwindcss@3.4.19 want: ^3.0.0
520 silly placeDep ROOT postcss-import@15.1.0 OK for: tailwindcss@3.4.19 want: ^15.1.0
521 silly placeDep ROOT postcss-js@4.1.0 OK for: tailwindcss@3.4.19 want: ^4.0.1
522 silly placeDep ROOT postcss-load-config@6.0.1 OK for: tailwindcss@3.4.19 want: ^4.0.2 || ^5.0 || ^6.0
523 silly placeDep ROOT postcss-nested@6.2.0 OK for: tailwindcss@3.4.19 want: ^6.2.0
524 silly placeDep ROOT postcss-selector-parser@6.1.4 OK for: tailwindcss@3.4.19 want: ^6.1.2
525 silly placeDep ROOT resolve@1.22.12 OK for: tailwindcss@3.4.19 want: ^1.22.8
526 silly placeDep ROOT sucrase@3.35.1 OK for: tailwindcss@3.4.19 want: ^3.35.0
527 silly fetch manifest braces@~3.0.2
528 silly packumentCache full:https://registry.npmjs.org/braces cache-miss
529 silly fetch manifest is-glob@~4.0.1
530 silly packumentCache full:https://registry.npmjs.org/is-glob cache-miss
531 silly fetch manifest anymatch@~3.1.2
532 silly packumentCache full:https://registry.npmjs.org/anymatch cache-miss
533 silly fetch manifest readdirp@~3.6.0
534 silly packumentCache full:https://registry.npmjs.org/readdirp cache-miss
535 silly fetch manifest glob-parent@~5.1.2
536 silly packumentCache full:https://registry.npmjs.org/glob-parent cache-miss
537 silly fetch manifest is-binary-path@~2.1.0
538 silly packumentCache full:https://registry.npmjs.org/is-binary-path cache-miss
539 silly fetch manifest normalize-path@~3.0.0
540 silly packumentCache full:https://registry.npmjs.org/normalize-path cache-miss
541 http cache https://registry.npmjs.org/is-glob 26ms (cache hit)
542 silly packumentCache full:https://registry.npmjs.org/is-glob set size:40530 disposed:false
543 silly fetch manifest fsevents@~2.3.2
544 silly packumentCache full:https://registry.npmjs.org/fsevents cache-miss
545 http cache https://registry.npmjs.org/normalize-path 26ms (cache hit)
546 silly packumentCache full:https://registry.npmjs.org/normalize-path set size:28713 disposed:false
547 silly fetch manifest @nodelib/fs.stat@^2.0.2
548 silly packumentCache full:https://registry.npmjs.org/@nodelib%2ffs.stat cache-miss
549 http cache https://registry.npmjs.org/glob-parent 32ms (cache hit)
550 silly packumentCache full:https://registry.npmjs.org/glob-parent set size:42445 disposed:false
551 silly fetch manifest @nodelib/fs.walk@^1.2.3
552 silly packumentCache full:https://registry.npmjs.org/@nodelib%2ffs.walk cache-miss
553 http cache https://registry.npmjs.org/fsevents 22ms (cache hit)
554 silly packumentCache full:https://registry.npmjs.org/fsevents set size:182472 disposed:false
555 silly fetch manifest glob-parent@^5.1.2
556 silly packumentCache full:https://registry.npmjs.org/glob-parent cache-hit
557 silly fetch manifest merge2@^1.3.0
558 silly packumentCache full:https://registry.npmjs.org/merge2 cache-miss
559 http fetch GET 200 https://registry.npmjs.org/braces 99ms (cache miss)
560 silly packumentCache full:https://registry.npmjs.org/braces set size:undefined disposed:false
561 silly fetch manifest is-extglob@^2.1.1
562 silly packumentCache full:https://registry.npmjs.org/is-extglob cache-miss
563 http fetch GET 200 https://registry.npmjs.org/anymatch 104ms (cache miss)
564 silly packumentCache full:https://registry.npmjs.org/anymatch set size:undefined disposed:false
565 silly fetch manifest braces@^3.0.3
566 silly packumentCache full:https://registry.npmjs.org/braces cache-miss
567 http fetch GET 200 https://registry.npmjs.org/is-binary-path 112ms (cache miss)
568 silly packumentCache full:https://registry.npmjs.org/is-binary-path set size:undefined disposed:false
569 silly fetch manifest picomatch@^2.3.1
570 silly packumentCache full:https://registry.npmjs.org/picomatch cache-miss
571 http fetch GET 200 https://registry.npmjs.org/readdirp 121ms (cache miss)
572 silly packumentCache full:https://registry.npmjs.org/readdirp set size:undefined disposed:false
573 silly fetch manifest resolve@^1.1.7
574 silly packumentCache full:https://registry.npmjs.org/resolve cache-miss
575 http fetch GET 200 https://registry.npmjs.org/@nodelib%2ffs.stat 107ms (cache miss)
576 silly packumentCache full:https://registry.npmjs.org/@nodelib%2ffs.stat set size:undefined disposed:false
577 silly fetch manifest read-cache@^1.0.0
578 silly packumentCache full:https://registry.npmjs.org/read-cache cache-miss
579 http cache https://registry.npmjs.org/braces 44ms (cache hit)
580 silly packumentCache full:https://registry.npmjs.org/braces set size:114529 disposed:false
581 silly fetch manifest camelcase-css@^2.0.1
582 silly packumentCache full:https://registry.npmjs.org/camelcase-css cache-miss
583 http cache https://registry.npmjs.org/resolve 34ms (cache hit)
584 silly packumentCache full:https://registry.npmjs.org/resolve set size:244568 disposed:false
585 silly fetch manifest postcss-selector-parser@^6.1.1
586 silly packumentCache full:https://registry.npmjs.org/postcss-selector-parser cache-miss
587 http fetch GET 200 https://registry.npmjs.org/merge2 114ms (cache miss)
588 silly packumentCache full:https://registry.npmjs.org/merge2 set size:undefined disposed:false
589 silly fetch manifest cssesc@^3.0.0
590 silly packumentCache full:https://registry.npmjs.org/cssesc cache-miss
591 http cache https://registry.npmjs.org/postcss-selector-parser 29ms (cache hit)
592 silly packumentCache full:https://registry.npmjs.org/postcss-selector-parser set size:199901 disposed:false
593 silly fetch manifest util-deprecate@^1.0.2
594 silly packumentCache full:https://registry.npmjs.org/util-deprecate cache-miss
595 http fetch GET 200 https://registry.npmjs.org/is-extglob 109ms (cache miss)
596 silly packumentCache full:https://registry.npmjs.org/is-extglob set size:undefined disposed:false
597 silly fetch manifest es-errors@^1.3.0
598 silly packumentCache full:https://registry.npmjs.org/es-errors cache-miss
599 http fetch GET 200 https://registry.npmjs.org/picomatch 106ms (cache miss)
600 silly packumentCache full:https://registry.npmjs.org/picomatch set size:undefined disposed:false
601 silly fetch manifest path-parse@^1.0.7
602 silly packumentCache full:https://registry.npmjs.org/path-parse cache-miss
603 http fetch GET 200 https://registry.npmjs.org/read-cache 92ms (cache miss)
604 silly packumentCache full:https://registry.npmjs.org/read-cache set size:undefined disposed:false
605 silly fetch manifest is-core-module@^2.16.1
606 silly packumentCache full:https://registry.npmjs.org/is-core-module cache-miss
607 http fetch GET 200 https://registry.npmjs.org/cssesc 68ms (cache miss)
608 silly packumentCache full:https://registry.npmjs.org/cssesc set size:undefined disposed:false
609 silly fetch manifest supports-preserve-symlinks-flag@^1.0.0
610 silly packumentCache full:https://registry.npmjs.org/supports-preserve-symlinks-flag cache-miss
611 http fetch GET 200 https://registry.npmjs.org/util-deprecate 58ms (cache miss)
612 silly packumentCache full:https://registry.npmjs.org/util-deprecate set size:undefined disposed:false
613 silly fetch manifest commander@^4.0.0
614 silly packumentCache full:https://registry.npmjs.org/commander cache-miss
615 http fetch GET 200 https://registry.npmjs.org/es-errors 78ms (cache miss)
616 silly packumentCache full:https://registry.npmjs.org/es-errors set size:undefined disposed:false
617 silly fetch manifest lines-and-columns@^1.1.6
618 silly packumentCache full:https://registry.npmjs.org/lines-and-columns cache-miss
619 http fetch GET 200 https://registry.npmjs.org/path-parse 76ms (cache miss)
620 silly packumentCache full:https://registry.npmjs.org/path-parse set size:undefined disposed:false
621 silly fetch manifest mz@^2.7.0
622 silly packumentCache full:https://registry.npmjs.org/mz cache-miss
623 http fetch GET 200 https://registry.npmjs.org/is-core-module 89ms (cache miss)
624 silly packumentCache full:https://registry.npmjs.org/is-core-module set size:undefined disposed:false
625 silly fetch manifest pirates@^4.0.1
626 silly packumentCache full:https://registry.npmjs.org/pirates cache-miss
627 http fetch GET 200 https://registry.npmjs.org/supports-preserve-symlinks-flag 88ms (cache miss)
628 silly packumentCache full:https://registry.npmjs.org/supports-preserve-symlinks-flag set size:undefined disposed:false
629 silly fetch manifest tinyglobby@^0.2.11
630 silly packumentCache full:https://registry.npmjs.org/tinyglobby cache-miss
631 http fetch GET 200 https://registry.npmjs.org/commander 96ms (cache miss)
632 silly packumentCache full:https://registry.npmjs.org/commander set size:undefined disposed:false
633 silly fetch manifest ts-interface-checker@^0.1.9
634 silly packumentCache full:https://registry.npmjs.org/ts-interface-checker cache-miss
635 http fetch GET 200 https://registry.npmjs.org/lines-and-columns 114ms (cache miss)
636 silly packumentCache full:https://registry.npmjs.org/lines-and-columns set size:undefined disposed:false
637 http fetch GET 200 https://registry.npmjs.org/@nodelib%2ffs.walk 383ms (cache miss)
638 silly packumentCache full:https://registry.npmjs.org/@nodelib%2ffs.walk set size:undefined disposed:false
639 http fetch GET 200 https://registry.npmjs.org/pirates 94ms (cache miss)
640 silly packumentCache full:https://registry.npmjs.org/pirates set size:undefined disposed:false
641 http fetch GET 200 https://registry.npmjs.org/tinyglobby 92ms (cache miss)
642 silly packumentCache full:https://registry.npmjs.org/tinyglobby set size:undefined disposed:false
643 http fetch GET 200 https://registry.npmjs.org/ts-interface-checker 70ms (cache miss)
644 silly packumentCache full:https://registry.npmjs.org/ts-interface-checker set size:undefined disposed:false
645 http fetch GET 200 https://registry.npmjs.org/camelcase-css 305ms (cache miss)
646 silly packumentCache full:https://registry.npmjs.org/camelcase-css set size:undefined disposed:false
647 http fetch GET 200 https://registry.npmjs.org/mz 312ms (cache miss)
648 silly packumentCache full:https://registry.npmjs.org/mz set size:undefined disposed:false
649 silly placeDep ROOT anymatch@3.1.3 OK for: chokidar@3.6.0 want: ~3.1.2
650 silly placeDep ROOT braces@3.0.3 OK for: chokidar@3.6.0 want: ~3.0.2
651 silly placeDep ROOT fsevents@2.3.3 OK for: chokidar@3.6.0 want: ~2.3.2
652 silly placeDep node_modules/chokidar glob-parent@5.1.2 OK for: chokidar@3.6.0 want: ~5.1.2
653 silly placeDep ROOT is-binary-path@2.1.0 OK for: chokidar@3.6.0 want: ~2.1.0
654 silly placeDep ROOT readdirp@3.6.0 OK for: chokidar@3.6.0 want: ~3.6.0
655 silly fetch manifest picomatch@^2.0.4
656 silly packumentCache full:https://registry.npmjs.org/picomatch cache-miss
657 silly fetch manifest fill-range@^7.1.1
658 silly packumentCache full:https://registry.npmjs.org/fill-range cache-miss
659 silly fetch manifest binary-extensions@^2.0.0
660 silly packumentCache full:https://registry.npmjs.org/binary-extensions cache-miss
661 silly fetch manifest picomatch@^2.2.1
662 silly packumentCache full:https://registry.npmjs.org/picomatch cache-miss
663 http cache https://registry.npmjs.org/picomatch 26ms (cache hit)
664 silly packumentCache full:https://registry.npmjs.org/picomatch set size:134451 disposed:false
665 http cache https://registry.npmjs.org/picomatch 27ms (cache hit)
666 silly packumentCache full:https://registry.npmjs.org/picomatch set size:134451 disposed:false
667 silly packumentCache full:https://registry.npmjs.org/picomatch dispose
668 http fetch GET 200 https://registry.npmjs.org/fill-range 73ms (cache miss)
669 silly packumentCache full:https://registry.npmjs.org/fill-range set size:undefined disposed:false
670 http fetch GET 200 https://registry.npmjs.org/binary-extensions 79ms (cache miss)
671 silly packumentCache full:https://registry.npmjs.org/binary-extensions set size:undefined disposed:false
672 silly placeDep ROOT picomatch@2.3.2 OK for: anymatch@3.1.3 want: ^2.0.4
673 silly placeDep ROOT fill-range@7.1.1 OK for: braces@3.0.3 want: ^7.1.1
674 silly fetch manifest to-regex-range@^5.0.1
675 silly packumentCache full:https://registry.npmjs.org/to-regex-range cache-miss
676 http fetch GET 200 https://registry.npmjs.org/to-regex-range 67ms (cache miss)
677 silly packumentCache full:https://registry.npmjs.org/to-regex-range set size:undefined disposed:false
678 silly placeDep ROOT @nodelib/fs.stat@2.0.5 OK for: fast-glob@3.3.3 want: ^2.0.2
679 silly placeDep ROOT @nodelib/fs.walk@1.2.8 OK for: fast-glob@3.3.3 want: ^1.2.3
680 silly placeDep node_modules/fast-glob glob-parent@5.1.2 OK for: fast-glob@3.3.3 want: ^5.1.2
681 silly placeDep ROOT merge2@1.4.1 OK for: fast-glob@3.3.3 want: ^1.3.0
682 silly fetch manifest fastq@^1.6.0
683 silly packumentCache full:https://registry.npmjs.org/fastq cache-miss
684 silly fetch manifest @nodelib/fs.scandir@2.1.5
685 silly packumentCache full:https://registry.npmjs.org/@nodelib%2ffs.scandir cache-miss
686 http fetch GET 200 https://registry.npmjs.org/fastq 74ms (cache miss)
687 silly packumentCache full:https://registry.npmjs.org/fastq set size:undefined disposed:false
688 http fetch GET 200 https://registry.npmjs.org/@nodelib%2ffs.scandir 78ms (cache miss)
689 silly packumentCache full:https://registry.npmjs.org/@nodelib%2ffs.scandir set size:undefined disposed:false
690 silly placeDep ROOT @nodelib/fs.scandir@2.1.5 OK for: @nodelib/fs.walk@1.2.8 want: 2.1.5
691 silly placeDep ROOT fastq@1.20.3 OK for: @nodelib/fs.walk@1.2.8 want: ^1.6.0
692 silly fetch manifest run-parallel@^1.1.9
693 silly packumentCache full:https://registry.npmjs.org/run-parallel cache-miss
694 silly fetch manifest reusify@^1.0.4
695 silly packumentCache full:https://registry.npmjs.org/reusify cache-miss
696 http fetch GET 200 https://registry.npmjs.org/reusify 78ms (cache miss)
697 silly packumentCache full:https://registry.npmjs.org/reusify set size:undefined disposed:false
698 http fetch GET 200 https://registry.npmjs.org/run-parallel 83ms (cache miss)
699 silly packumentCache full:https://registry.npmjs.org/run-parallel set size:undefined disposed:false
700 silly placeDep ROOT run-parallel@1.2.0 OK for: @nodelib/fs.scandir@2.1.5 want: ^1.1.9
701 silly fetch manifest queue-microtask@^1.2.2
702 silly packumentCache full:https://registry.npmjs.org/queue-microtask cache-miss
703 http fetch GET 200 https://registry.npmjs.org/queue-microtask 66ms (cache miss)
704 silly packumentCache full:https://registry.npmjs.org/queue-microtask set size:undefined disposed:false
705 silly placeDep ROOT reusify@1.1.0 OK for: fastq@1.20.3 want: ^1.0.4
706 silly placeDep ROOT to-regex-range@5.0.1 OK for: fill-range@7.1.1 want: ^5.0.1
707 silly fetch manifest is-number@^7.0.0
708 silly packumentCache full:https://registry.npmjs.org/is-number cache-miss
709 http fetch GET 200 https://registry.npmjs.org/is-number 65ms (cache miss)
710 silly packumentCache full:https://registry.npmjs.org/is-number set size:undefined disposed:false
711 silly placeDep ROOT binary-extensions@2.3.0 OK for: is-binary-path@2.1.0 want: ^2.0.0
712 silly placeDep ROOT is-extglob@2.1.1 OK for: is-glob@4.0.3 want: ^2.1.1
713 silly placeDep ROOT read-cache@1.0.2 OK for: postcss-import@15.1.0 want: ^1.0.0
714 silly placeDep ROOT camelcase-css@2.0.1 OK for: postcss-js@4.1.0 want: ^2.0.1
715 silly placeDep ROOT cssesc@3.0.0 OK for: postcss-selector-parser@6.1.4 want: ^3.0.0
716 silly placeDep ROOT util-deprecate@1.0.2 OK for: postcss-selector-parser@6.1.4 want: ^1.0.2
717 silly placeDep ROOT es-errors@1.3.0 OK for: resolve@1.22.12 want: ^1.3.0
718 silly placeDep ROOT is-core-module@2.17.0 OK for: resolve@1.22.12 want: ^2.16.1
719 silly placeDep ROOT path-parse@1.0.7 OK for: resolve@1.22.12 want: ^1.0.7
720 silly placeDep ROOT supports-preserve-symlinks-flag@1.0.0 OK for: resolve@1.22.12 want: ^1.0.0
721 silly fetch manifest hasown@^2.0.4
722 silly packumentCache full:https://registry.npmjs.org/hasown cache-miss
723 http fetch GET 200 https://registry.npmjs.org/hasown 64ms (cache miss)
724 silly packumentCache full:https://registry.npmjs.org/hasown set size:undefined disposed:false
725 silly placeDep ROOT hasown@2.0.4 OK for: is-core-module@2.17.0 want: ^2.0.4
726 silly fetch manifest function-bind@^1.1.2
727 silly packumentCache full:https://registry.npmjs.org/function-bind cache-miss
728 http fetch GET 200 https://registry.npmjs.org/function-bind 64ms (cache miss)
729 silly packumentCache full:https://registry.npmjs.org/function-bind set size:undefined disposed:false
730 silly placeDep ROOT function-bind@1.1.2 OK for: hasown@2.0.4 want: ^1.1.2
731 silly placeDep ROOT queue-microtask@1.2.3 OK for: run-parallel@1.2.0 want: ^1.2.2
732 silly placeDep ROOT commander@4.1.1 OK for: sucrase@3.35.1 want: ^4.0.0
733 silly placeDep ROOT lines-and-columns@1.2.4 OK for: sucrase@3.35.1 want: ^1.1.6
734 silly placeDep ROOT mz@2.7.0 OK for: sucrase@3.35.1 want: ^2.7.0
735 silly placeDep ROOT pirates@4.0.7 OK for: sucrase@3.35.1 want: ^4.0.1
736 silly placeDep ROOT tinyglobby@0.2.17 OK for: sucrase@3.35.1 want: ^0.2.11
737 silly placeDep ROOT ts-interface-checker@0.1.13 OK for: sucrase@3.35.1 want: ^0.1.9
738 silly fetch manifest any-promise@^1.0.0
739 silly packumentCache full:https://registry.npmjs.org/any-promise cache-miss
740 silly fetch manifest object-assign@^4.0.1
741 silly packumentCache full:https://registry.npmjs.org/object-assign cache-miss
742 silly fetch manifest thenify-all@^1.0.0
743 silly packumentCache full:https://registry.npmjs.org/thenify-all cache-miss
744 silly fetch manifest fdir@^6.5.0
745 silly packumentCache full:https://registry.npmjs.org/fdir cache-miss
746 silly fetch manifest picomatch@^4.0.4
747 silly packumentCache full:https://registry.npmjs.org/picomatch cache-hit
748 http fetch GET 200 https://registry.npmjs.org/any-promise 76ms (cache miss)
749 silly packumentCache full:https://registry.npmjs.org/any-promise set size:undefined disposed:false
750 http fetch GET 200 https://registry.npmjs.org/object-assign 79ms (cache miss)
751 silly packumentCache full:https://registry.npmjs.org/object-assign set size:undefined disposed:false
752 http fetch GET 200 https://registry.npmjs.org/fdir 84ms (cache miss)
753 silly packumentCache full:https://registry.npmjs.org/fdir set size:undefined disposed:false
754 http fetch GET 200 https://registry.npmjs.org/thenify-all 316ms (cache miss)
755 silly packumentCache full:https://registry.npmjs.org/thenify-all set size:undefined disposed:false
756 silly placeDep ROOT any-promise@1.3.0 OK for: mz@2.7.0 want: ^1.0.0
757 silly placeDep ROOT object-assign@4.1.1 OK for: mz@2.7.0 want: ^4.0.1
758 silly placeDep ROOT thenify-all@1.6.0 OK for: mz@2.7.0 want: ^1.0.0
759 silly fetch manifest thenify@>= 3.1.0 < 4
760 silly packumentCache full:https://registry.npmjs.org/thenify cache-miss
761 http fetch GET 200 https://registry.npmjs.org/thenify 58ms (cache miss)
762 silly packumentCache full:https://registry.npmjs.org/thenify set size:undefined disposed:false
763 silly placeDep ROOT thenify@3.3.1 OK for: thenify-all@1.6.0 want: >= 3.1.0 < 4
764 silly placeDep node_modules/tinyglobby fdir@6.5.0 OK for: tinyglobby@0.2.17 want: ^6.5.0
765 silly placeDep node_modules/tinyglobby picomatch@4.0.7 OK for: fdir@6.5.0 want: ^3 || ^4
766 silly placeDep ROOT is-number@7.0.0 OK for: to-regex-range@5.0.1 want: ^7.0.0
767 silly placeDep ROOT escalade@3.2.0 OK for: update-browserslist-db@1.3.3 want: ^3.2.0
768 silly placeDep ROOT esbuild@0.21.5 OK for: vite@5.4.21 want: ^0.21.3
769 silly placeDep ROOT rollup@4.63.5 OK for: vite@5.4.21 want: ^4.20.0
770 silly fetch manifest @esbuild/aix-ppc64@0.21.5
771 silly packumentCache full:https://registry.npmjs.org/@esbuild%2faix-ppc64 cache-miss
772 silly fetch manifest @esbuild/linux-arm@0.21.5
773 silly packumentCache full:https://registry.npmjs.org/@esbuild%2flinux-arm cache-miss
774 silly fetch manifest @esbuild/linux-x64@0.21.5
775 silly packumentCache full:https://registry.npmjs.org/@esbuild%2flinux-x64 cache-miss
776 silly fetch manifest @esbuild/sunos-x64@0.21.5
777 silly packumentCache full:https://registry.npmjs.org/@esbuild%2fsunos-x64 cache-miss
778 silly fetch manifest @esbuild/win32-x64@0.21.5
779 silly packumentCache full:https://registry.npmjs.org/@esbuild%2fwin32-x64 cache-miss
780 silly fetch manifest @esbuild/darwin-x64@0.21.5
781 silly packumentCache full:https://registry.npmjs.org/@esbuild%2fdarwin-x64 cache-miss
782 silly fetch manifest @esbuild/linux-ia32@0.21.5
783 silly packumentCache full:https://registry.npmjs.org/@esbuild%2flinux-ia32 cache-miss
784 http fetch GET 200 https://registry.npmjs.org/@esbuild%2faix-ppc64 116ms (cache miss)
785 silly packumentCache full:https://registry.npmjs.org/@esbuild%2faix-ppc64 set size:undefined disposed:false
786 silly fetch manifest @esbuild/netbsd-x64@0.21.5
787 silly packumentCache full:https://registry.npmjs.org/@esbuild%2fnetbsd-x64 cache-miss
788 http fetch GET 200 https://registry.npmjs.org/@esbuild%2flinux-x64 129ms (cache miss)
789 silly packumentCache full:https://registry.npmjs.org/@esbuild%2flinux-x64 set size:undefined disposed:false
790 silly fetch manifest @esbuild/win32-ia32@0.21.5
791 silly packumentCache full:https://registry.npmjs.org/@esbuild%2fwin32-ia32 cache-miss
792 http fetch GET 200 https://registry.npmjs.org/@esbuild%2fwin32-x64 135ms (cache miss)
793 silly packumentCache full:https://registry.npmjs.org/@esbuild%2fwin32-x64 set size:undefined disposed:false
794 silly fetch manifest @esbuild/android-arm@0.21.5
795 silly packumentCache full:https://registry.npmjs.org/@esbuild%2fandroid-arm cache-miss
796 http fetch GET 200 https://registry.npmjs.org/@esbuild%2fdarwin-x64 140ms (cache miss)
797 silly packumentCache full:https://registry.npmjs.org/@esbuild%2fdarwin-x64 set size:undefined disposed:false
798 silly fetch manifest @esbuild/android-x64@0.21.5
799 silly packumentCache full:https://registry.npmjs.org/@esbuild%2fandroid-x64 cache-miss
800 http fetch GET 200 https://registry.npmjs.org/@esbuild%2flinux-ia32 152ms (cache miss)
801 silly packumentCache full:https://registry.npmjs.org/@esbuild%2flinux-ia32 set size:undefined disposed:false
802 silly fetch manifest @esbuild/freebsd-x64@0.21.5
803 silly packumentCache full:https://registry.npmjs.org/@esbuild%2ffreebsd-x64 cache-miss
804 http fetch GET 200 https://registry.npmjs.org/@esbuild%2flinux-arm 165ms (cache miss)
805 silly packumentCache full:https://registry.npmjs.org/@esbuild%2flinux-arm set size:undefined disposed:false
806 silly fetch manifest @esbuild/linux-arm64@0.21.5
807 silly packumentCache full:https://registry.npmjs.org/@esbuild%2flinux-arm64 cache-miss
808 http fetch GET 200 https://registry.npmjs.org/@esbuild%2fsunos-x64 194ms (cache miss)
809 silly packumentCache full:https://registry.npmjs.org/@esbuild%2fsunos-x64 set size:undefined disposed:false
810 silly fetch manifest @esbuild/linux-ppc64@0.21.5
811 silly packumentCache full:https://registry.npmjs.org/@esbuild%2flinux-ppc64 cache-miss
812 http fetch GET 200 https://registry.npmjs.org/@esbuild%2fnetbsd-x64 103ms (cache miss)
813 silly packumentCache full:https://registry.npmjs.org/@esbuild%2fnetbsd-x64 set size:undefined disposed:false
814 silly fetch manifest @esbuild/linux-s390x@0.21.5
815 silly packumentCache full:https://registry.npmjs.org/@esbuild%2flinux-s390x cache-miss
816 http fetch GET 200 https://registry.npmjs.org/@esbuild%2fwin32-ia32 112ms (cache miss)
817 silly packumentCache full:https://registry.npmjs.org/@esbuild%2fwin32-ia32 set size:undefined disposed:false
818 silly fetch manifest @esbuild/openbsd-x64@0.21.5
819 silly packumentCache full:https://registry.npmjs.org/@esbuild%2fopenbsd-x64 cache-miss
820 http fetch GET 200 https://registry.npmjs.org/@esbuild%2fandroid-x64 133ms (cache miss)
821 silly packumentCache full:https://registry.npmjs.org/@esbuild%2fandroid-x64 set size:undefined disposed:false
822 silly fetch manifest @esbuild/win32-arm64@0.21.5
823 silly packumentCache full:https://registry.npmjs.org/@esbuild%2fwin32-arm64 cache-miss
824 http fetch GET 200 https://registry.npmjs.org/@esbuild%2fandroid-arm 153ms (cache miss)
825 silly packumentCache full:https://registry.npmjs.org/@esbuild%2fandroid-arm set size:undefined disposed:false
826 silly fetch manifest @esbuild/darwin-arm64@0.21.5
827 silly packumentCache full:https://registry.npmjs.org/@esbuild%2fdarwin-arm64 cache-miss
828 http fetch GET 200 https://registry.npmjs.org/@esbuild%2ffreebsd-x64 144ms (cache miss)
829 silly packumentCache full:https://registry.npmjs.org/@esbuild%2ffreebsd-x64 set size:undefined disposed:false
830 silly fetch manifest @esbuild/android-arm64@0.21.5
831 silly packumentCache full:https://registry.npmjs.org/@esbuild%2fandroid-arm64 cache-miss
832 http fetch GET 200 https://registry.npmjs.org/@esbuild%2flinux-arm64 147ms (cache miss)
833 silly packumentCache full:https://registry.npmjs.org/@esbuild%2flinux-arm64 set size:undefined disposed:false
834 silly fetch manifest @esbuild/freebsd-arm64@0.21.5
835 silly packumentCache full:https://registry.npmjs.org/@esbuild%2ffreebsd-arm64 cache-miss
836 http fetch GET 200 https://registry.npmjs.org/@esbuild%2flinux-ppc64 128ms (cache miss)
837 silly packumentCache full:https://registry.npmjs.org/@esbuild%2flinux-ppc64 set size:undefined disposed:false
838 silly fetch manifest @esbuild/linux-loong64@0.21.5
839 silly packumentCache full:https://registry.npmjs.org/@esbuild%2flinux-loong64 cache-miss
840 http fetch GET 200 https://registry.npmjs.org/@esbuild%2flinux-s390x 120ms (cache miss)
841 silly packumentCache full:https://registry.npmjs.org/@esbuild%2flinux-s390x set size:undefined disposed:false
842 silly fetch manifest @esbuild/linux-riscv64@0.21.5
843 silly packumentCache full:https://registry.npmjs.org/@esbuild%2flinux-riscv64 cache-miss
844 http fetch GET 200 https://registry.npmjs.org/@esbuild%2fopenbsd-x64 105ms (cache miss)
845 silly packumentCache full:https://registry.npmjs.org/@esbuild%2fopenbsd-x64 set size:undefined disposed:false
846 silly fetch manifest @esbuild/linux-mips64el@0.21.5
847 silly packumentCache full:https://registry.npmjs.org/@esbuild%2flinux-mips64el cache-miss
848 http fetch GET 200 https://registry.npmjs.org/@esbuild%2fwin32-arm64 126ms (cache miss)
849 silly packumentCache full:https://registry.npmjs.org/@esbuild%2fwin32-arm64 set size:undefined disposed:false
850 silly fetch manifest @types/estree@1.0.9
851 silly packumentCache full:https://registry.npmjs.org/@types%2festree cache-miss
852 http fetch GET 200 https://registry.npmjs.org/@esbuild%2fdarwin-arm64 120ms (cache miss)
853 silly packumentCache full:https://registry.npmjs.org/@esbuild%2fdarwin-arm64 set size:undefined disposed:false
854 silly fetch manifest @rollup/rollup-darwin-x64@4.63.5
855 silly packumentCache full:https://registry.npmjs.org/@rollup%2frollup-darwin-x64 cache-miss
856 http fetch GET 200 https://registry.npmjs.org/@esbuild%2fandroid-arm64 139ms (cache miss)
857 silly packumentCache full:https://registry.npmjs.org/@esbuild%2fandroid-arm64 set size:undefined disposed:false
858 silly fetch manifest @rollup/rollup-freebsd-x64@4.63.5
859 silly packumentCache full:https://registry.npmjs.org/@rollup%2frollup-freebsd-x64 cache-miss
860 http fetch GET 200 https://registry.npmjs.org/@esbuild%2ffreebsd-arm64 136ms (cache miss)
861 silly packumentCache full:https://registry.npmjs.org/@esbuild%2ffreebsd-arm64 set size:undefined disposed:false
862 silly fetch manifest @rollup/rollup-openbsd-x64@4.63.5
863 silly packumentCache full:https://registry.npmjs.org/@rollup%2frollup-openbsd-x64 cache-miss
864 http fetch GET 200 https://registry.npmjs.org/@esbuild%2flinux-loong64 137ms (cache miss)
865 silly packumentCache full:https://registry.npmjs.org/@esbuild%2flinux-loong64 set size:undefined disposed:false
866 silly fetch manifest @napi-rs/lzma-linux-x64-gnu@1.5.1
867 silly packumentCache full:https://registry.npmjs.org/@napi-rs%2flzma-linux-x64-gnu cache-miss
868 http fetch GET 200 https://registry.npmjs.org/@esbuild%2flinux-mips64el 116ms (cache miss)
869 silly packumentCache full:https://registry.npmjs.org/@esbuild%2flinux-mips64el set size:undefined disposed:false
870 silly fetch manifest @rollup/rollup-darwin-arm64@4.63.5
871 silly packumentCache full:https://registry.npmjs.org/@rollup%2frollup-darwin-arm64 cache-miss
872 http fetch GET 200 https://registry.npmjs.org/@esbuild%2flinux-riscv64 135ms (cache miss)
873 silly packumentCache full:https://registry.npmjs.org/@esbuild%2flinux-riscv64 set size:undefined disposed:false
874 silly fetch manifest @rollup/rollup-android-arm64@4.63.5
875 silly packumentCache full:https://registry.npmjs.org/@rollup%2frollup-android-arm64 cache-miss
876 http fetch GET 200 https://registry.npmjs.org/@types%2festree 91ms (cache miss)
877 silly packumentCache full:https://registry.npmjs.org/@types%2festree set size:undefined disposed:false
878 silly fetch manifest @rollup/rollup-freebsd-arm64@4.63.5
879 silly packumentCache full:https://registry.npmjs.org/@rollup%2frollup-freebsd-arm64 cache-miss
880 http fetch GET 200 https://registry.npmjs.org/@rollup%2frollup-darwin-x64 122ms (cache miss)
881 silly packumentCache full:https://registry.npmjs.org/@rollup%2frollup-darwin-x64 set size:undefined disposed:false
882 silly fetch manifest @rollup/rollup-linux-x64-gnu@4.63.5
883 silly packumentCache full:https://registry.npmjs.org/@rollup%2frollup-linux-x64-gnu cache-miss
884 http fetch GET 200 https://registry.npmjs.org/@rollup%2frollup-freebsd-x64 113ms (cache miss)
885 silly packumentCache full:https://registry.npmjs.org/@rollup%2frollup-freebsd-x64 set size:undefined disposed:false
886 silly fetch manifest @rollup/rollup-win32-x64-gnu@4.63.5
887 silly packumentCache full:https://registry.npmjs.org/@rollup%2frollup-win32-x64-gnu cache-miss
888 http fetch GET 200 https://registry.npmjs.org/@napi-rs%2flzma-linux-x64-gnu 98ms (cache miss)
889 silly packumentCache full:https://registry.npmjs.org/@napi-rs%2flzma-linux-x64-gnu set size:undefined disposed:false
890 silly fetch manifest @rollup/rollup-linux-x64-musl@4.63.5
891 silly packumentCache full:https://registry.npmjs.org/@rollup%2frollup-linux-x64-musl cache-miss
892 http fetch GET 200 https://registry.npmjs.org/@rollup%2frollup-openbsd-x64 118ms (cache miss)
893 silly packumentCache full:https://registry.npmjs.org/@rollup%2frollup-openbsd-x64 set size:undefined disposed:false
894 silly fetch manifest @rollup/rollup-win32-x64-msvc@4.63.5
895 silly packumentCache full:https://registry.npmjs.org/@rollup%2frollup-win32-x64-msvc cache-miss
896 http fetch GET 200 https://registry.npmjs.org/@rollup%2frollup-darwin-arm64 116ms (cache miss)
897 silly packumentCache full:https://registry.npmjs.org/@rollup%2frollup-darwin-arm64 set size:undefined disposed:false
898 silly fetch manifest @rollup/rollup-linux-arm64-gnu@4.63.5
899 silly packumentCache full:https://registry.npmjs.org/@rollup%2frollup-linux-arm64-gnu cache-miss
900 http fetch GET 200 https://registry.npmjs.org/@rollup%2frollup-win32-x64-gnu 123ms (cache miss)
901 silly packumentCache full:https://registry.npmjs.org/@rollup%2frollup-win32-x64-gnu set size:undefined disposed:false
902 silly fetch manifest @rollup/rollup-linux-ppc64-gnu@4.63.5
903 silly packumentCache full:https://registry.npmjs.org/@rollup%2frollup-linux-ppc64-gnu cache-miss
904 http fetch GET 200 https://registry.npmjs.org/@rollup%2frollup-linux-x64-gnu 141ms (cache miss)
905 silly packumentCache full:https://registry.npmjs.org/@rollup%2frollup-linux-x64-gnu set size:undefined disposed:false
906 silly fetch manifest @rollup/rollup-linux-s390x-gnu@4.63.5
907 silly packumentCache full:https://registry.npmjs.org/@rollup%2frollup-linux-s390x-gnu cache-miss
908 http fetch GET 200 https://registry.npmjs.org/@rollup%2frollup-linux-x64-musl 133ms (cache miss)
909 silly packumentCache full:https://registry.npmjs.org/@rollup%2frollup-linux-x64-musl set size:undefined disposed:false
910 silly fetch manifest @rollup/rollup-win32-ia32-msvc@4.63.5
911 silly packumentCache full:https://registry.npmjs.org/@rollup%2frollup-win32-ia32-msvc cache-miss
912 http fetch GET 200 https://registry.npmjs.org/@rollup%2frollup-win32-x64-msvc 134ms (cache miss)
913 silly packumentCache full:https://registry.npmjs.org/@rollup%2frollup-win32-x64-msvc set size:undefined disposed:false
914 silly fetch manifest @rollup/rollup-android-arm-eabi@4.63.5
915 silly packumentCache full:https://registry.npmjs.org/@rollup%2frollup-android-arm-eabi cache-miss
916 http fetch GET 200 https://registry.npmjs.org/@rollup%2frollup-linux-ppc64-gnu 81ms (cache miss)
917 silly packumentCache full:https://registry.npmjs.org/@rollup%2frollup-linux-ppc64-gnu set size:undefined disposed:false
918 silly fetch manifest @rollup/rollup-linux-arm64-musl@4.63.5
919 silly packumentCache full:https://registry.npmjs.org/@rollup%2frollup-linux-arm64-musl cache-miss
920 http fetch GET 200 https://registry.npmjs.org/@rollup%2frollup-linux-s390x-gnu 97ms (cache miss)
921 silly packumentCache full:https://registry.npmjs.org/@rollup%2frollup-linux-s390x-gnu set size:undefined disposed:false
922 silly fetch manifest @rollup/rollup-linux-ppc64-musl@4.63.5
923 silly packumentCache full:https://registry.npmjs.org/@rollup%2frollup-linux-ppc64-musl cache-miss
924 http fetch GET 200 https://registry.npmjs.org/@rollup%2frollup-win32-ia32-msvc 129ms (cache miss)
925 silly packumentCache full:https://registry.npmjs.org/@rollup%2frollup-win32-ia32-msvc set size:undefined disposed:false
926 silly fetch manifest @rollup/rollup-win32-arm64-msvc@4.63.5
927 silly packumentCache full:https://registry.npmjs.org/@rollup%2frollup-win32-arm64-msvc cache-miss
928 http fetch GET 200 https://registry.npmjs.org/@rollup%2frollup-android-arm-eabi 132ms (cache miss)
929 silly packumentCache full:https://registry.npmjs.org/@rollup%2frollup-android-arm-eabi set size:undefined disposed:false
930 silly fetch manifest @rollup/rollup-linux-loong64-gnu@4.63.5
931 silly packumentCache full:https://registry.npmjs.org/@rollup%2frollup-linux-loong64-gnu cache-miss
932 http fetch GET 200 https://registry.npmjs.org/@rollup%2frollup-freebsd-arm64 355ms (cache miss)
933 silly packumentCache full:https://registry.npmjs.org/@rollup%2frollup-freebsd-arm64 set size:undefined disposed:false
934 silly fetch manifest @rollup/rollup-linux-riscv64-gnu@4.63.5
935 silly packumentCache full:https://registry.npmjs.org/@rollup%2frollup-linux-riscv64-gnu cache-miss
936 http fetch GET 200 https://registry.npmjs.org/@rollup%2frollup-android-arm64 385ms (cache miss)
937 silly packumentCache full:https://registry.npmjs.org/@rollup%2frollup-android-arm64 set size:undefined disposed:false
938 silly fetch manifest @rollup/rollup-openharmony-arm64@4.63.5
939 silly packumentCache full:https://registry.npmjs.org/@rollup%2frollup-openharmony-arm64 cache-miss
940 http fetch GET 200 https://registry.npmjs.org/@rollup%2frollup-linux-ppc64-musl 96ms (cache miss)
941 silly packumentCache full:https://registry.npmjs.org/@rollup%2frollup-linux-ppc64-musl set size:undefined disposed:false
942 silly fetch manifest @rollup/rollup-linux-loong64-musl@4.63.5
943 silly packumentCache full:https://registry.npmjs.org/@rollup%2frollup-linux-loong64-musl cache-miss
944 http fetch GET 200 https://registry.npmjs.org/@rollup%2frollup-linux-arm64-gnu 328ms (cache miss)
945 silly packumentCache full:https://registry.npmjs.org/@rollup%2frollup-linux-arm64-gnu set size:undefined disposed:false
946 silly fetch manifest @rollup/rollup-linux-riscv64-musl@4.63.5
947 silly packumentCache full:https://registry.npmjs.org/@rollup%2frollup-linux-riscv64-musl cache-miss
948 http fetch GET 200 https://registry.npmjs.org/@rollup%2frollup-linux-loong64-gnu 87ms (cache miss)
949 silly packumentCache full:https://registry.npmjs.org/@rollup%2frollup-linux-loong64-gnu set size:undefined disposed:false
950 silly fetch manifest @rollup/rollup-linux-arm-gnueabihf@4.63.5
951 silly packumentCache full:https://registry.npmjs.org/@rollup%2frollup-linux-arm-gnueabihf cache-miss
952 http fetch GET 200 https://registry.npmjs.org/@rollup%2frollup-openharmony-arm64 74ms (cache miss)
953 silly packumentCache full:https://registry.npmjs.org/@rollup%2frollup-openharmony-arm64 set size:undefined disposed:false
954 silly fetch manifest @rollup/rollup-linux-arm-musleabihf@4.63.5
955 silly packumentCache full:https://registry.npmjs.org/@rollup%2frollup-linux-arm-musleabihf cache-miss
956 http fetch GET 200 https://registry.npmjs.org/@rollup%2frollup-win32-arm64-msvc 138ms (cache miss)
957 silly packumentCache full:https://registry.npmjs.org/@rollup%2frollup-win32-arm64-msvc set size:undefined disposed:false
958 http fetch GET 200 https://registry.npmjs.org/@rollup%2frollup-linux-riscv64-musl 75ms (cache miss)
959 silly packumentCache full:https://registry.npmjs.org/@rollup%2frollup-linux-riscv64-musl set size:undefined disposed:false
960 http fetch GET 200 https://registry.npmjs.org/@rollup%2frollup-linux-arm-gnueabihf 94ms (cache miss)
961 silly packumentCache full:https://registry.npmjs.org/@rollup%2frollup-linux-arm-gnueabihf set size:undefined disposed:false
962 http fetch GET 200 https://registry.npmjs.org/@rollup%2frollup-linux-arm64-musl 330ms (cache miss)
963 silly packumentCache full:https://registry.npmjs.org/@rollup%2frollup-linux-arm64-musl set size:undefined disposed:false
964 http fetch GET 200 https://registry.npmjs.org/@rollup%2frollup-linux-riscv64-gnu 338ms (cache miss)
965 silly packumentCache full:https://registry.npmjs.org/@rollup%2frollup-linux-riscv64-gnu set size:undefined disposed:false
966 http fetch GET 200 https://registry.npmjs.org/@rollup%2frollup-linux-loong64-musl 383ms (cache miss)
967 silly packumentCache full:https://registry.npmjs.org/@rollup%2frollup-linux-loong64-musl set size:undefined disposed:false
968 http fetch GET 200 https://registry.npmjs.org/@rollup%2frollup-linux-arm-musleabihf 332ms (cache miss)
969 silly packumentCache full:https://registry.npmjs.org/@rollup%2frollup-linux-arm-musleabihf set size:undefined disposed:false
970 silly placeDep ROOT @esbuild/aix-ppc64@0.21.5 OK for: esbuild@0.21.5 want: 0.21.5
971 silly placeDep ROOT @esbuild/android-arm@0.21.5 OK for: esbuild@0.21.5 want: 0.21.5
972 silly placeDep ROOT @esbuild/android-arm64@0.21.5 OK for: esbuild@0.21.5 want: 0.21.5
973 silly placeDep ROOT @esbuild/android-x64@0.21.5 OK for: esbuild@0.21.5 want: 0.21.5
974 silly placeDep ROOT @esbuild/darwin-arm64@0.21.5 OK for: esbuild@0.21.5 want: 0.21.5
975 silly placeDep ROOT @esbuild/darwin-x64@0.21.5 OK for: esbuild@0.21.5 want: 0.21.5
976 silly placeDep ROOT @esbuild/freebsd-arm64@0.21.5 OK for: esbuild@0.21.5 want: 0.21.5
977 silly placeDep ROOT @esbuild/freebsd-x64@0.21.5 OK for: esbuild@0.21.5 want: 0.21.5
978 silly placeDep ROOT @esbuild/linux-arm@0.21.5 OK for: esbuild@0.21.5 want: 0.21.5
979 silly placeDep ROOT @esbuild/linux-arm64@0.21.5 OK for: esbuild@0.21.5 want: 0.21.5
980 silly placeDep ROOT @esbuild/linux-ia32@0.21.5 OK for: esbuild@0.21.5 want: 0.21.5
981 silly placeDep ROOT @esbuild/linux-loong64@0.21.5 OK for: esbuild@0.21.5 want: 0.21.5
982 silly placeDep ROOT @esbuild/linux-mips64el@0.21.5 OK for: esbuild@0.21.5 want: 0.21.5
983 silly placeDep ROOT @esbuild/linux-ppc64@0.21.5 OK for: esbuild@0.21.5 want: 0.21.5
984 silly placeDep ROOT @esbuild/linux-riscv64@0.21.5 OK for: esbuild@0.21.5 want: 0.21.5
985 silly placeDep ROOT @esbuild/linux-s390x@0.21.5 OK for: esbuild@0.21.5 want: 0.21.5
986 silly placeDep ROOT @esbuild/linux-x64@0.21.5 OK for: esbuild@0.21.5 want: 0.21.5
987 silly placeDep ROOT @esbuild/netbsd-x64@0.21.5 OK for: esbuild@0.21.5 want: 0.21.5
988 silly placeDep ROOT @esbuild/openbsd-x64@0.21.5 OK for: esbuild@0.21.5 want: 0.21.5
989 silly placeDep ROOT @esbuild/sunos-x64@0.21.5 OK for: esbuild@0.21.5 want: 0.21.5
990 silly placeDep ROOT @esbuild/win32-arm64@0.21.5 OK for: esbuild@0.21.5 want: 0.21.5
991 silly placeDep ROOT @esbuild/win32-ia32@0.21.5 OK for: esbuild@0.21.5 want: 0.21.5
992 silly placeDep ROOT @esbuild/win32-x64@0.21.5 OK for: esbuild@0.21.5 want: 0.21.5
993 silly placeDep ROOT @napi-rs/lzma-linux-x64-gnu@1.5.1 OK for: rollup@4.63.5 want: 1.5.1
994 silly placeDep ROOT @rollup/rollup-android-arm-eabi@4.63.5 OK for: rollup@4.63.5 want: 4.63.5
995 silly placeDep ROOT @rollup/rollup-android-arm64@4.63.5 OK for: rollup@4.63.5 want: 4.63.5
996 silly placeDep ROOT @rollup/rollup-darwin-arm64@4.63.5 OK for: rollup@4.63.5 want: 4.63.5
997 silly placeDep ROOT @rollup/rollup-darwin-x64@4.63.5 OK for: rollup@4.63.5 want: 4.63.5
998 silly placeDep ROOT @rollup/rollup-freebsd-arm64@4.63.5 OK for: rollup@4.63.5 want: 4.63.5
999 silly placeDep ROOT @rollup/rollup-freebsd-x64@4.63.5 OK for: rollup@4.63.5 want: 4.63.5
1000 silly placeDep ROOT @rollup/rollup-linux-arm-gnueabihf@4.63.5 OK for: rollup@4.63.5 want: 4.63.5
1001 silly placeDep ROOT @rollup/rollup-linux-arm-musleabihf@4.63.5 OK for: rollup@4.63.5 want: 4.63.5
1002 silly placeDep ROOT @rollup/rollup-linux-arm64-gnu@4.63.5 OK for: rollup@4.63.5 want: 4.63.5
1003 silly placeDep ROOT @rollup/rollup-linux-arm64-musl@4.63.5 OK for: rollup@4.63.5 want: 4.63.5
1004 silly placeDep ROOT @rollup/rollup-linux-loong64-gnu@4.63.5 OK for: rollup@4.63.5 want: 4.63.5
1005 silly placeDep ROOT @rollup/rollup-linux-loong64-musl@4.63.5 OK for: rollup@4.63.5 want: 4.63.5
1006 silly placeDep ROOT @rollup/rollup-linux-ppc64-gnu@4.63.5 OK for: rollup@4.63.5 want: 4.63.5
1007 silly placeDep ROOT @rollup/rollup-linux-ppc64-musl@4.63.5 OK for: rollup@4.63.5 want: 4.63.5
1008 silly placeDep ROOT @rollup/rollup-linux-riscv64-gnu@4.63.5 OK for: rollup@4.63.5 want: 4.63.5
1009 silly placeDep ROOT @rollup/rollup-linux-riscv64-musl@4.63.5 OK for: rollup@4.63.5 want: 4.63.5
1010 silly placeDep ROOT @rollup/rollup-linux-s390x-gnu@4.63.5 OK for: rollup@4.63.5 want: 4.63.5
1011 silly placeDep ROOT @rollup/rollup-linux-x64-gnu@4.63.5 OK for: rollup@4.63.5 want: 4.63.5
1012 silly placeDep ROOT @rollup/rollup-linux-x64-musl@4.63.5 OK for: rollup@4.63.5 want: 4.63.5
1013 silly placeDep ROOT @rollup/rollup-openbsd-x64@4.63.5 OK for: rollup@4.63.5 want: 4.63.5
1014 silly placeDep ROOT @rollup/rollup-openharmony-arm64@4.63.5 OK for: rollup@4.63.5 want: 4.63.5
1015 silly placeDep ROOT @rollup/rollup-win32-arm64-msvc@4.63.5 OK for: rollup@4.63.5 want: 4.63.5
1016 silly placeDep ROOT @rollup/rollup-win32-ia32-msvc@4.63.5 OK for: rollup@4.63.5 want: 4.63.5
1017 silly placeDep ROOT @rollup/rollup-win32-x64-gnu@4.63.5 OK for: rollup@4.63.5 want: 4.63.5
1018 silly placeDep ROOT @rollup/rollup-win32-x64-msvc@4.63.5 OK for: rollup@4.63.5 want: 4.63.5
1019 silly placeDep ROOT @types/estree@1.0.9 OK for: rollup@4.63.5 want: 1.0.9
1020 silly reify moves {}
1021 silly audit bulk request {
1021 silly audit   '@vitejs/plugin-react': [ '4.7.0' ],
1021 silly audit   vite: [ '5.4.21' ],
1021 silly audit   autoprefixer: [ '10.6.1' ],
1021 silly audit   postcss: [ '8.5.28' ],
1021 silly audit   react: [ '18.3.1' ],
1021 silly audit   'react-dom': [ '18.3.1' ],
1021 silly audit   tailwindcss: [ '3.4.19' ],
1021 silly audit   '@babel/core': [ '7.29.7' ],
1021 silly audit   '@babel/plugin-transform-react-jsx-self': [ '7.29.7' ],
1021 silly audit   '@babel/plugin-transform-react-jsx-source': [ '7.29.7' ],
1021 silly audit   '@rolldown/pluginutils': [ '1.0.0-beta.27' ],
1021 silly audit   '@types/babel__core': [ '7.20.5' ],
1021 silly audit   'react-refresh': [ '0.17.0' ],
1021 silly audit   '@babel/code-frame': [ '7.29.7' ],
1021 silly audit   '@babel/generator': [ '7.29.8' ],
1021 silly audit   '@babel/helper-compilation-targets': [ '7.29.7' ],
1021 silly audit   '@babel/helper-module-transforms': [ '7.29.7' ],
1021 silly audit   '@babel/helpers': [ '7.29.7' ],
1021 silly audit   '@babel/parser': [ '7.29.9' ],
1021 silly audit   '@babel/template': [ '7.29.7' ],
1021 silly audit   '@babel/traverse': [ '7.29.8' ],
1021 silly audit   '@babel/types': [ '7.29.8' ],
1021 silly audit   '@jridgewell/remapping': [ '2.3.5' ],
1021 silly audit   'convert-source-map': [ '2.0.0' ],
1021 silly audit   debug: [ '4.4.3' ],
1021 silly audit   gensync: [ '1.0.0-beta.2' ],
1021 silly audit   json5: [ '2.2.3' ],
1021 silly audit   semver: [ '6.3.1' ],
1021 silly audit   '@babel/helper-validator-identifier': [ '7.29.7' ],
1021 silly audit   'js-tokens': [ '4.0.0' ],
1021 silly audit   picocolors: [ '1.1.1' ],
1021 silly audit   '@jridgewell/gen-mapping': [ '0.3.13' ],
1021 silly audit   '@jridgewell/trace-mapping': [ '0.3.31' ],
1021 silly audit   jsesc: [ '3.1.0' ],
1021 silly audit   '@babel/compat-data': [ '7.29.7' ],
1021 silly audit   '@babel/helper-validator-option': [ '7.29.7' ],
1021 silly audit   browserslist: [ '4.29.1' ],
1021 silly audit   'lru-cache': [ '5.1.1' ],
1021 silly audit   '@babel/helper-module-imports': [ '7.29.7' ],
1021 silly audit   '@babel/helper-plugin-utils': [ '7.29.7' ],
1021 silly audit   '@babel/helper-globals': [ '7.29.7' ],
1021 silly audit   '@babel/helper-string-parser': [ '7.29.7' ],
1021 silly audit   '@jridgewell/sourcemap-codec': [ '1.6.0' ],
1021 silly audit   '@jridgewell/resolve-uri': [ '3.1.2' ],
1021 silly audit   '@types/babel__generator': [ '7.27.0' ],
1021 silly audit   '@types/babel__template': [ '7.4.4' ],
1021 silly audit   '@types/babel__traverse': [ '7.28.0' ],
1021 silly audit   'caniuse-lite': [ '1.0.30001812' ],
1021 silly audit   'fraction.js': [ '5.3.4' ],
1021 silly audit   'postcss-value-parser': [ '4.2.0' ],
1021 silly audit   'baseline-browser-mapping': [ '2.11.26' ],
1021 silly audit   'electron-to-chromium': [ '1.5.439' ],
1021 silly audit   'node-releases': [ '2.0.57' ],
1021 silly audit   'update-browserslist-db': [ '1.3.3' ],
1021 silly audit   ms: [ '2.1.3' ],
1021 silly audit   yallist: [ '3.1.1' ],
1021 silly audit   nanoid: [ '3.3.19' ],
1021 silly audit   'source-map-js': [ '1.2.1' ],
1021 silly audit   'loose-envify': [ '1.4.0' ],
1021 silly audit   scheduler: [ '0.23.2' ],
1021 silly audit   '@alloc/quick-lru': [ '5.3.0' ],
1021 silly audit   arg: [ '5.0.2' ],
1021 silly audit   chokidar: [ '3.6.0' ],
1021 silly audit   didyoumean: [ '1.2.2' ],
1021 silly audit   dlv: [ '1.1.3' ],
1021 silly audit   'fast-glob': [ '3.3.3' ],
1021 silly audit   'glob-parent': [ '6.0.2', '5.1.2' ],
1021 silly audit   'is-glob': [ '4.0.3' ],
1021 silly audit   jiti: [ '1.21.7' ],
1021 silly audit   lilconfig: [ '3.1.3' ],
1021 silly audit   micromatch: [ '4.0.8' ],
1021 silly audit   'normalize-path': [ '3.0.0' ],
1021 silly audit   'object-hash': [ '3.0.0' ],
1021 silly audit   'postcss-import': [ '15.1.0' ],
1021 silly audit   'postcss-js': [ '4.1.0' ],
1021 silly audit   'postcss-load-config': [ '6.0.1' ],
1021 silly audit   'postcss-nested': [ '6.2.0' ],
1021 silly audit   'postcss-selector-parser': [ '6.1.4' ],
1021 silly audit   resolve: [ '1.22.12' ],
1021 silly audit   sucrase: [ '3.35.1' ],
1021 silly audit   anymatch: [ '3.1.3' ],
1021 silly audit   braces: [ '3.0.3' ],
1021 silly audit   fsevents: [ '2.3.3' ],
1021 silly audit   'is-binary-path': [ '2.1.0' ],
1021 silly audit   readdirp: [ '3.6.0' ],
1021 silly audit   picomatch: [ '2.3.2', '4.0.7' ],
1021 silly audit   'fill-range': [ '7.1.1' ],
1021 silly audit   '@nodelib/fs.stat': [ '2.0.5' ],
1021 silly audit   '@nodelib/fs.walk': [ '1.2.8' ],
1021 silly audit   merge2: [ '1.4.1' ],
1021 silly audit   '@nodelib/fs.scandir': [ '2.1.5' ],
1021 silly audit   fastq: [ '1.20.3' ],
1021 silly audit   'run-parallel': [ '1.2.0' ],
1021 silly audit   reusify: [ '1.1.0' ],
1021 silly audit   'to-regex-range': [ '5.0.1' ],
1021 silly audit   'binary-extensions': [ '2.3.0' ],
1021 silly audit   'is-extglob': [ '2.1.1' ],
1021 silly audit   'read-cache': [ '1.0.2' ],
1021 silly audit   'camelcase-css': [ '2.0.1' ],
1021 silly audit   cssesc: [ '3.0.0' ],
1021 silly audit   'util-deprecate': [ '1.0.2' ],
1021 silly audit   'es-errors': [ '1.3.0' ],
1021 silly audit   'is-core-module': [ '2.17.0' ],
1021 silly audit   'path-parse': [ '1.0.7' ],
1021 silly audit   'supports-preserve-symlinks-flag': [ '1.0.0' ],
1021 silly audit   hasown: [ '2.0.4' ],
1021 silly audit   'function-bind': [ '1.1.2' ],
1021 silly audit   'queue-microtask': [ '1.2.3' ],
1021 silly audit   commander: [ '4.1.1' ],
1021 silly audit   'lines-and-columns': [ '1.2.4' ],
1021 silly audit   mz: [ '2.7.0' ],
1021 silly audit   pirates: [ '4.0.7' ],
1021 silly audit   tinyglobby: [ '0.2.17' ],
1021 silly audit   'ts-interface-checker': [ '0.1.13' ],
1021 silly audit   'any-promise': [ '1.3.0' ],
1021 silly audit   'object-assign': [ '4.1.1' ],
1021 silly audit   'thenify-all': [ '1.6.0' ],
1021 silly audit   thenify: [ '3.3.1' ],
1021 silly audit   fdir: [ '6.5.0' ],
1021 silly audit   'is-number': [ '7.0.0' ],
1021 silly audit   escalade: [ '3.2.0' ],
1021 silly audit   esbuild: [ '0.21.5' ],
1021 silly audit   rollup: [ '4.63.5' ],
1021 silly audit   '@esbuild/aix-ppc64': [ '0.21.5' ],
1021 silly audit   '@esbuild/android-arm': [ '0.21.5' ],
1021 silly audit   '@esbuild/android-arm64': [ '0.21.5' ],
1021 silly audit   '@esbuild/android-x64': [ '0.21.5' ],
1021 silly audit   '@esbuild/darwin-arm64': [ '0.21.5' ],
1021 silly audit   '@esbuild/darwin-x64': [ '0.21.5' ],
1021 silly audit   '@esbuild/freebsd-arm64': [ '0.21.5' ],
1021 silly audit   '@esbuild/freebsd-x64': [ '0.21.5' ],
1021 silly audit   '@esbuild/linux-arm': [ '0.21.5' ],
1021 silly audit   '@esbuild/linux-arm64': [ '0.21.5' ],
1021 silly audit   '@esbuild/linux-ia32': [ '0.21.5' ],
1021 silly audit   '@esbuild/linux-loong64': [ '0.21.5' ],
1021 silly audit   '@esbuild/linux-mips64el': [ '0.21.5' ],
1021 silly audit   '@esbuild/linux-ppc64': [ '0.21.5' ],
1021 silly audit   '@esbuild/linux-riscv64': [ '0.21.5' ],
1021 silly audit   '@esbuild/linux-s390x': [ '0.21.5' ],
1021 silly audit   '@esbuild/linux-x64': [ '0.21.5' ],
1021 silly audit   '@esbuild/netbsd-x64': [ '0.21.5' ],
1021 silly audit   '@esbuild/openbsd-x64': [ '0.21.5' ],
1021 silly audit   '@esbuild/sunos-x64': [ '0.21.5' ],
1021 silly audit   '@esbuild/win32-arm64': [ '0.21.5' ],
1021 silly audit   '@esbuild/win32-ia32': [ '0.21.5' ],
1021 silly audit   '@esbuild/win32-x64': [ '0.21.5' ],
1021 silly audit   '@napi-rs/lzma-linux-x64-gnu': [ '1.5.1' ],
1021 silly audit   '@rollup/rollup-android-arm-eabi': [ '4.63.5' ],
1021 silly audit   '@rollup/rollup-android-arm64': [ '4.63.5' ],
1021 silly audit   '@rollup/rollup-darwin-arm64': [ '4.63.5' ],
1021 silly audit   '@rollup/rollup-darwin-x64': [ '4.63.5' ],
1021 silly audit   '@rollup/rollup-freebsd-arm64': [ '4.63.5' ],
1021 silly audit   '@rollup/rollup-freebsd-x64': [ '4.63.5' ],
1021 silly audit   '@rollup/rollup-linux-arm-gnueabihf': [ '4.63.5' ],
1021 silly audit   '@rollup/rollup-linux-arm-musleabihf': [ '4.63.5' ],
1021 silly audit   '@rollup/rollup-linux-arm64-gnu': [ '4.63.5' ],
1021 silly audit   '@rollup/rollup-linux-arm64-musl': [ '4.63.5' ],
1021 silly audit   '@rollup/rollup-linux-loong64-gnu': [ '4.63.5' ],
1021 silly audit   '@rollup/rollup-linux-loong64-musl': [ '4.63.5' ],
1021 silly audit   '@rollup/rollup-linux-ppc64-gnu': [ '4.63.5' ],
1021 silly audit   '@rollup/rollup-linux-ppc64-musl': [ '4.63.5' ],
1021 silly audit   '@rollup/rollup-linux-riscv64-gnu': [ '4.63.5' ],
1021 silly audit   '@rollup/rollup-linux-riscv64-musl': [ '4.63.5' ],
1021 silly audit   '@rollup/rollup-linux-s390x-gnu': [ '4.63.5' ],
1021 silly audit   '@rollup/rollup-linux-x64-gnu': [ '4.63.5' ],
1021 silly audit   '@rollup/rollup-linux-x64-musl': [ '4.63.5' ],
1021 silly audit   '@rollup/rollup-openbsd-x64': [ '4.63.5' ],
1021 silly audit   '@rollup/rollup-openharmony-arm64': [ '4.63.5' ],
1021 silly audit   '@rollup/rollup-win32-arm64-msvc': [ '4.63.5' ],
1021 silly audit   '@rollup/rollup-win32-ia32-msvc': [ '4.63.5' ],
1021 silly audit   '@rollup/rollup-win32-x64-gnu': [ '4.63.5' ],
1021 silly audit   '@rollup/rollup-win32-x64-msvc': [ '4.63.5' ],
1021 silly audit   '@types/estree': [ '1.0.9' ]
1021 silly audit }
1022 http cache @types/estree@https://registry.npmjs.org/@types/estree/-/estree-1.0.9.tgz 0ms (cache hit)
1023 http cache @esbuild/win32-x64@https://registry.npmjs.org/@esbuild/win32-x64/-/win32-x64-0.21.5.tgz 0ms (cache hit)
1024 http cache @rollup/rollup-win32-x64-msvc@https://registry.npmjs.org/@rollup/rollup-win32-x64-msvc/-/rollup-win32-x64-msvc-4.63.5.tgz 0ms (cache hit)
1025 http cache @rollup/rollup-win32-x64-gnu@https://registry.npmjs.org/@rollup/rollup-win32-x64-gnu/-/rollup-win32-x64-gnu-4.63.5.tgz 0ms (cache hit)
1026 http cache rollup@https://registry.npmjs.org/rollup/-/rollup-4.63.5.tgz 0ms (cache hit)
1027 http cache esbuild@https://registry.npmjs.org/esbuild/-/esbuild-0.21.5.tgz 0ms (cache hit)
1028 http cache escalade@https://registry.npmjs.org/escalade/-/escalade-3.2.0.tgz 0ms (cache hit)
1029 http cache is-number@https://registry.npmjs.org/is-number/-/is-number-7.0.0.tgz 0ms (cache hit)
1030 http cache thenify@https://registry.npmjs.org/thenify/-/thenify-3.3.1.tgz 0ms (cache hit)
1031 http cache thenify-all@https://registry.npmjs.org/thenify-all/-/thenify-all-1.6.0.tgz 0ms (cache hit)
1032 http cache object-assign@https://registry.npmjs.org/object-assign/-/object-assign-4.1.1.tgz 0ms (cache hit)
1033 http cache any-promise@https://registry.npmjs.org/any-promise/-/any-promise-1.3.0.tgz 0ms (cache hit)
1034 http cache ts-interface-checker@https://registry.npmjs.org/ts-interface-checker/-/ts-interface-checker-0.1.13.tgz 0ms (cache hit)
1035 http cache tinyglobby@https://registry.npmjs.org/tinyglobby/-/tinyglobby-0.2.17.tgz 0ms (cache hit)
1036 http cache pirates@https://registry.npmjs.org/pirates/-/pirates-4.0.7.tgz 0ms (cache hit)
1037 http cache lines-and-columns@https://registry.npmjs.org/lines-and-columns/-/lines-and-columns-1.2.4.tgz 0ms (cache hit)
1038 http cache commander@https://registry.npmjs.org/commander/-/commander-4.1.1.tgz 0ms (cache hit)
1039 http cache mz@https://registry.npmjs.org/mz/-/mz-2.7.0.tgz 0ms (cache hit)
1040 http cache hasown@https://registry.npmjs.org/hasown/-/hasown-2.0.4.tgz 1ms (cache hit)
1041 http cache queue-microtask@https://registry.npmjs.org/queue-microtask/-/queue-microtask-1.2.3.tgz 0ms (cache hit)
1042 http cache path-parse@https://registry.npmjs.org/path-parse/-/path-parse-1.0.7.tgz 0ms (cache hit)
1043 http cache supports-preserve-symlinks-flag@https://registry.npmjs.org/supports-preserve-symlinks-flag/-/supports-preserve-symlinks-flag-1.0.0.tgz 0ms (cache hit)
1044 http cache function-bind@https://registry.npmjs.org/function-bind/-/function-bind-1.1.2.tgz 0ms (cache hit)
1045 http cache is-core-module@https://registry.npmjs.org/is-core-module/-/is-core-module-2.17.0.tgz 0ms (cache hit)
1046 http cache es-errors@https://registry.npmjs.org/es-errors/-/es-errors-1.3.0.tgz 0ms (cache hit)
1047 http cache cssesc@https://registry.npmjs.org/cssesc/-/cssesc-3.0.0.tgz 0ms (cache hit)
1048 http cache util-deprecate@https://registry.npmjs.org/util-deprecate/-/util-deprecate-1.0.2.tgz 1ms (cache hit)
1049 http cache camelcase-css@https://registry.npmjs.org/camelcase-css/-/camelcase-css-2.0.1.tgz 0ms (cache hit)
1050 http cache read-cache@https://registry.npmjs.org/read-cache/-/read-cache-1.0.2.tgz 0ms (cache hit)
1051 http cache to-regex-range@https://registry.npmjs.org/to-regex-range/-/to-regex-range-5.0.1.tgz 0ms (cache hit)
1052 http cache is-extglob@https://registry.npmjs.org/is-extglob/-/is-extglob-2.1.1.tgz 0ms (cache hit)
1053 http cache binary-extensions@https://registry.npmjs.org/binary-extensions/-/binary-extensions-2.3.0.tgz 0ms (cache hit)
1054 http cache reusify@https://registry.npmjs.org/reusify/-/reusify-1.1.0.tgz 0ms (cache hit)
1055 http cache @nodelib/fs.scandir@https://registry.npmjs.org/@nodelib/fs.scandir/-/fs.scandir-2.1.5.tgz 0ms (cache hit)
1056 http cache run-parallel@https://registry.npmjs.org/run-parallel/-/run-parallel-1.2.0.tgz 0ms (cache hit)
1057 http cache @nodelib/fs.walk@https://registry.npmjs.org/@nodelib/fs.walk/-/fs.walk-1.2.8.tgz 0ms (cache hit)
1058 http cache fastq@https://registry.npmjs.org/fastq/-/fastq-1.20.3.tgz 0ms (cache hit)
1059 http cache @nodelib/fs.stat@https://registry.npmjs.org/@nodelib/fs.stat/-/fs.stat-2.0.5.tgz 1ms (cache hit)
1060 http cache fill-range@https://registry.npmjs.org/fill-range/-/fill-range-7.1.1.tgz 0ms (cache hit)
1061 http cache merge2@https://registry.npmjs.org/merge2/-/merge2-1.4.1.tgz 0ms (cache hit)
1062 http cache picomatch@https://registry.npmjs.org/picomatch/-/picomatch-2.3.2.tgz 0ms (cache hit)
1063 http cache anymatch@https://registry.npmjs.org/anymatch/-/anymatch-3.1.3.tgz 0ms (cache hit)
1064 http cache is-binary-path@https://registry.npmjs.org/is-binary-path/-/is-binary-path-2.1.0.tgz 0ms (cache hit)
1065 http cache braces@https://registry.npmjs.org/braces/-/braces-3.0.3.tgz 0ms (cache hit)
1066 http cache resolve@https://registry.npmjs.org/resolve/-/resolve-1.22.12.tgz 0ms (cache hit)
1067 http cache postcss-load-config@https://registry.npmjs.org/postcss-load-config/-/postcss-load-config-6.0.1.tgz 0ms (cache hit)
1068 http cache readdirp@https://registry.npmjs.org/readdirp/-/readdirp-3.6.0.tgz 0ms (cache hit)
1069 http cache postcss-nested@https://registry.npmjs.org/postcss-nested/-/postcss-nested-6.2.0.tgz 0ms (cache hit)
1070 http cache postcss-import@https://registry.npmjs.org/postcss-import/-/postcss-import-15.1.0.tgz 0ms (cache hit)
1071 http cache sucrase@https://registry.npmjs.org/sucrase/-/sucrase-3.35.1.tgz 0ms (cache hit)
1072 http cache postcss-js@https://registry.npmjs.org/postcss-js/-/postcss-js-4.1.0.tgz 0ms (cache hit)
1073 http cache postcss-selector-parser@https://registry.npmjs.org/postcss-selector-parser/-/postcss-selector-parser-6.1.4.tgz 0ms (cache hit)
1074 http cache normalize-path@https://registry.npmjs.org/normalize-path/-/normalize-path-3.0.0.tgz 0ms (cache hit)
1075 http cache object-hash@https://registry.npmjs.org/object-hash/-/object-hash-3.0.0.tgz 0ms (cache hit)
1076 http cache micromatch@https://registry.npmjs.org/micromatch/-/micromatch-4.0.8.tgz 0ms (cache hit)
1077 http cache jiti@https://registry.npmjs.org/jiti/-/jiti-1.21.7.tgz 0ms (cache hit)
1078 http cache lilconfig@https://registry.npmjs.org/lilconfig/-/lilconfig-3.1.3.tgz 0ms (cache hit)
1079 http cache glob-parent@https://registry.npmjs.org/glob-parent/-/glob-parent-6.0.2.tgz 1ms (cache hit)
1080 http cache is-glob@https://registry.npmjs.org/is-glob/-/is-glob-4.0.3.tgz 0ms (cache hit)
1081 http cache fast-glob@https://registry.npmjs.org/fast-glob/-/fast-glob-3.3.3.tgz 0ms (cache hit)
1082 http cache dlv@https://registry.npmjs.org/dlv/-/dlv-1.1.3.tgz 0ms (cache hit)
1083 http cache chokidar@https://registry.npmjs.org/chokidar/-/chokidar-3.6.0.tgz 0ms (cache hit)
1084 http cache didyoumean@https://registry.npmjs.org/didyoumean/-/didyoumean-1.2.2.tgz 0ms (cache hit)
1085 http cache arg@https://registry.npmjs.org/arg/-/arg-5.0.2.tgz 0ms (cache hit)
1086 http cache @alloc/quick-lru@https://registry.npmjs.org/@alloc/quick-lru/-/quick-lru-5.3.0.tgz 0ms (cache hit)
1087 http cache nanoid@https://registry.npmjs.org/nanoid/-/nanoid-3.3.19.tgz 0ms (cache hit)
1088 http cache scheduler@https://registry.npmjs.org/scheduler/-/scheduler-0.23.2.tgz 0ms (cache hit)
1089 http cache source-map-js@https://registry.npmjs.org/source-map-js/-/source-map-js-1.2.1.tgz 0ms (cache hit)
1090 http cache loose-envify@https://registry.npmjs.org/loose-envify/-/loose-envify-1.4.0.tgz 1ms (cache hit)
1091 http cache ms@https://registry.npmjs.org/ms/-/ms-2.1.3.tgz 0ms (cache hit)
1092 http cache yallist@https://registry.npmjs.org/yallist/-/yallist-3.1.1.tgz 0ms (cache hit)
1093 http cache update-browserslist-db@https://registry.npmjs.org/update-browserslist-db/-/update-browserslist-db-1.3.3.tgz 0ms (cache hit)
1094 http cache node-releases@https://registry.npmjs.org/node-releases/-/node-releases-2.0.57.tgz 0ms (cache hit)
1095 http cache electron-to-chromium@https://registry.npmjs.org/electron-to-chromium/-/electron-to-chromium-1.5.439.tgz 0ms (cache hit)
1096 http cache baseline-browser-mapping@https://registry.npmjs.org/baseline-browser-mapping/-/baseline-browser-mapping-2.11.26.tgz 0ms (cache hit)
1097 http cache postcss-value-parser@https://registry.npmjs.org/postcss-value-parser/-/postcss-value-parser-4.2.0.tgz 0ms (cache hit)
1098 http cache fraction.js@https://registry.npmjs.org/fraction.js/-/fraction.js-5.3.4.tgz 0ms (cache hit)
1099 http cache caniuse-lite@https://registry.npmjs.org/caniuse-lite/-/caniuse-lite-1.0.30001812.tgz 0ms (cache hit)
1100 http cache @jridgewell/resolve-uri@https://registry.npmjs.org/@jridgewell/resolve-uri/-/resolve-uri-3.1.2.tgz 0ms (cache hit)
1101 http cache @types/babel__traverse@https://registry.npmjs.org/@types/babel__traverse/-/babel__traverse-7.28.0.tgz 0ms (cache hit)
1102 http cache @types/babel__template@https://registry.npmjs.org/@types/babel__template/-/babel__template-7.4.4.tgz 0ms (cache hit)
1103 http cache @jridgewell/sourcemap-codec@https://registry.npmjs.org/@jridgewell/sourcemap-codec/-/sourcemap-codec-1.6.0.tgz 0ms (cache hit)
1104 http cache @types/babel__generator@https://registry.npmjs.org/@types/babel__generator/-/babel__generator-7.27.0.tgz 0ms (cache hit)
1105 http cache @babel/helper-globals@https://registry.npmjs.org/@babel/helper-globals/-/helper-globals-7.29.7.tgz 0ms (cache hit)
1106 http cache @babel/helper-string-parser@https://registry.npmjs.org/@babel/helper-string-parser/-/helper-string-parser-7.29.7.tgz 0ms (cache hit)
1107 http cache lru-cache@https://registry.npmjs.org/lru-cache/-/lru-cache-5.1.1.tgz 0ms (cache hit)
1108 http cache @babel/helper-plugin-utils@https://registry.npmjs.org/@babel/helper-plugin-utils/-/helper-plugin-utils-7.29.7.tgz 0ms (cache hit)
1109 http cache browserslist@https://registry.npmjs.org/browserslist/-/browserslist-4.29.1.tgz 0ms (cache hit)
1110 http cache @babel/helper-module-imports@https://registry.npmjs.org/@babel/helper-module-imports/-/helper-module-imports-7.29.7.tgz 0ms (cache hit)
1111 http cache jsesc@https://registry.npmjs.org/jsesc/-/jsesc-3.1.0.tgz 0ms (cache hit)
1112 http cache @jridgewell/trace-mapping@https://registry.npmjs.org/@jridgewell/trace-mapping/-/trace-mapping-0.3.31.tgz 0ms (cache hit)
1113 http cache @jridgewell/gen-mapping@https://registry.npmjs.org/@jridgewell/gen-mapping/-/gen-mapping-0.3.13.tgz 0ms (cache hit)
1114 http cache @babel/compat-data@https://registry.npmjs.org/@babel/compat-data/-/compat-data-7.29.7.tgz 0ms (cache hit)
1115 http cache @babel/helper-validator-option@https://registry.npmjs.org/@babel/helper-validator-option/-/helper-validator-option-7.29.7.tgz 0ms (cache hit)
1116 http cache js-tokens@https://registry.npmjs.org/js-tokens/-/js-tokens-4.0.0.tgz 0ms (cache hit)
1117 http cache picocolors@https://registry.npmjs.org/picocolors/-/picocolors-1.1.1.tgz 0ms (cache hit)
1118 http cache @babel/helper-validator-identifier@https://registry.npmjs.org/@babel/helper-validator-identifier/-/helper-validator-identifier-7.29.7.tgz 0ms (cache hit)
1119 http cache semver@https://registry.npmjs.org/semver/-/semver-6.3.1.tgz 0ms (cache hit)
1120 http cache json5@https://registry.npmjs.org/json5/-/json5-2.2.3.tgz 0ms (cache hit)
1121 http cache debug@https://registry.npmjs.org/debug/-/debug-4.4.3.tgz 0ms (cache hit)
1122 http cache gensync@https://registry.npmjs.org/gensync/-/gensync-1.0.0-beta.2.tgz 0ms (cache hit)
1123 http cache convert-source-map@https://registry.npmjs.org/convert-source-map/-/convert-source-map-2.0.0.tgz 0ms (cache hit)
1124 http cache @jridgewell/remapping@https://registry.npmjs.org/@jridgewell/remapping/-/remapping-2.3.5.tgz 0ms (cache hit)
1125 http cache @babel/traverse@https://registry.npmjs.org/@babel/traverse/-/traverse-7.29.8.tgz 0ms (cache hit)
1126 http cache @babel/template@https://registry.npmjs.org/@babel/template/-/template-7.29.7.tgz 0ms (cache hit)
1127 http cache @babel/types@https://registry.npmjs.org/@babel/types/-/types-7.29.8.tgz 0ms (cache hit)
1128 http cache @babel/parser@https://registry.npmjs.org/@babel/parser/-/parser-7.29.9.tgz 0ms (cache hit)
1129 http cache @babel/helpers@https://registry.npmjs.org/@babel/helpers/-/helpers-7.29.7.tgz 0ms (cache hit)
1130 http cache @babel/helper-module-transforms@https://registry.npmjs.org/@babel/helper-module-transforms/-/helper-module-transforms-7.29.7.tgz 0ms (cache hit)
1131 http cache react-refresh@https://registry.npmjs.org/react-refresh/-/react-refresh-0.17.0.tgz 0ms (cache hit)
1132 http cache @babel/generator@https://registry.npmjs.org/@babel/generator/-/generator-7.29.8.tgz 0ms (cache hit)
1133 http cache @babel/helper-compilation-targets@https://registry.npmjs.org/@babel/helper-compilation-targets/-/helper-compilation-targets-7.29.7.tgz 0ms (cache hit)
1134 http cache @rolldown/pluginutils@https://registry.npmjs.org/@rolldown/pluginutils/-/pluginutils-1.0.0-beta.27.tgz 0ms (cache hit)
1135 http cache @types/babel__core@https://registry.npmjs.org/@types/babel__core/-/babel__core-7.20.5.tgz 0ms (cache hit)
1136 http cache @babel/code-frame@https://registry.npmjs.org/@babel/code-frame/-/code-frame-7.29.7.tgz 0ms (cache hit)
1137 http cache react-dom@https://registry.npmjs.org/react-dom/-/react-dom-18.3.1.tgz 0ms (cache hit)
1138 http cache tailwindcss@https://registry.npmjs.org/tailwindcss/-/tailwindcss-3.4.19.tgz 0ms (cache hit)
1139 http cache @babel/plugin-transform-react-jsx-self@https://registry.npmjs.org/@babel/plugin-transform-react-jsx-self/-/plugin-transform-react-jsx-self-7.29.7.tgz 0ms (cache hit)
1140 http cache @babel/plugin-transform-react-jsx-source@https://registry.npmjs.org/@babel/plugin-transform-react-jsx-source/-/plugin-transform-react-jsx-source-7.29.7.tgz 0ms (cache hit)
1141 http cache react@https://registry.npmjs.org/react/-/react-18.3.1.tgz 0ms (cache hit)
1142 http cache @babel/core@https://registry.npmjs.org/@babel/core/-/core-7.29.7.tgz 0ms (cache hit)
1143 http cache @vitejs/plugin-react@https://registry.npmjs.org/@vitejs/plugin-react/-/plugin-react-4.7.0.tgz 0ms (cache hit)
1144 http cache picomatch@https://registry.npmjs.org/picomatch/-/picomatch-4.0.7.tgz 0ms (cache hit)
1145 http cache autoprefixer@https://registry.npmjs.org/autoprefixer/-/autoprefixer-10.6.1.tgz 0ms (cache hit)
1146 http cache postcss@https://registry.npmjs.org/postcss/-/postcss-8.5.28.tgz 0ms (cache hit)
1147 http cache vite@https://registry.npmjs.org/vite/-/vite-5.4.21.tgz 0ms (cache hit)
1148 silly tarball no local data for @types/estree@https://registry.npmjs.org/@types/estree/-/estree-1.0.9.tgz. Extracting by manifest.
1149 silly tarball no local data for @esbuild/win32-x64@https://registry.npmjs.org/@esbuild/win32-x64/-/win32-x64-0.21.5.tgz. Extracting by manifest.
1150 silly tarball no local data for @rollup/rollup-win32-x64-msvc@https://registry.npmjs.org/@rollup/rollup-win32-x64-msvc/-/rollup-win32-x64-msvc-4.63.5.tgz. Extracting by manifest.
1151 silly tarball no local data for @rollup/rollup-win32-x64-gnu@https://registry.npmjs.org/@rollup/rollup-win32-x64-gnu/-/rollup-win32-x64-gnu-4.63.5.tgz. Extracting by manifest.
1152 silly tarball no local data for rollup@https://registry.npmjs.org/rollup/-/rollup-4.63.5.tgz. Extracting by manifest.
1153 silly tarball no local data for esbuild@https://registry.npmjs.org/esbuild/-/esbuild-0.21.5.tgz. Extracting by manifest.
1154 silly tarball no local data for escalade@https://registry.npmjs.org/escalade/-/escalade-3.2.0.tgz. Extracting by manifest.
1155 silly tarball no local data for is-number@https://registry.npmjs.org/is-number/-/is-number-7.0.0.tgz. Extracting by manifest.
1156 http cache fdir@https://registry.npmjs.org/fdir/-/fdir-6.5.0.tgz 0ms (cache hit)
1157 silly tarball no local data for thenify@https://registry.npmjs.org/thenify/-/thenify-3.3.1.tgz. Extracting by manifest.
1158 silly tarball no local data for thenify-all@https://registry.npmjs.org/thenify-all/-/thenify-all-1.6.0.tgz. Extracting by manifest.
1159 silly tarball no local data for object-assign@https://registry.npmjs.org/object-assign/-/object-assign-4.1.1.tgz. Extracting by manifest.
1160 silly tarball no local data for any-promise@https://registry.npmjs.org/any-promise/-/any-promise-1.3.0.tgz. Extracting by manifest.
1161 silly tarball no local data for ts-interface-checker@https://registry.npmjs.org/ts-interface-checker/-/ts-interface-checker-0.1.13.tgz. Extracting by manifest.
1162 http cache glob-parent@https://registry.npmjs.org/glob-parent/-/glob-parent-5.1.2.tgz 0ms (cache hit)
1163 silly tarball no local data for tinyglobby@https://registry.npmjs.org/tinyglobby/-/tinyglobby-0.2.17.tgz. Extracting by manifest.
1164 silly tarball no local data for pirates@https://registry.npmjs.org/pirates/-/pirates-4.0.7.tgz. Extracting by manifest.
1165 silly tarball no local data for lines-and-columns@https://registry.npmjs.org/lines-and-columns/-/lines-and-columns-1.2.4.tgz. Extracting by manifest.
1166 silly tarball no local data for commander@https://registry.npmjs.org/commander/-/commander-4.1.1.tgz. Extracting by manifest.
1167 silly tarball no local data for mz@https://registry.npmjs.org/mz/-/mz-2.7.0.tgz. Extracting by manifest.
1168 silly tarball no local data for hasown@https://registry.npmjs.org/hasown/-/hasown-2.0.4.tgz. Extracting by manifest.
1169 http cache glob-parent@https://registry.npmjs.org/glob-parent/-/glob-parent-5.1.2.tgz 0ms (cache hit)
1170 silly tarball no local data for queue-microtask@https://registry.npmjs.org/queue-microtask/-/queue-microtask-1.2.3.tgz. Extracting by manifest.
1171 silly tarball no local data for path-parse@https://registry.npmjs.org/path-parse/-/path-parse-1.0.7.tgz. Extracting by manifest.
1172 silly tarball no local data for supports-preserve-symlinks-flag@https://registry.npmjs.org/supports-preserve-symlinks-flag/-/supports-preserve-symlinks-flag-1.0.0.tgz. Extracting by manifest.
1173 silly tarball no local data for function-bind@https://registry.npmjs.org/function-bind/-/function-bind-1.1.2.tgz. Extracting by manifest.
1174 silly tarball no local data for is-core-module@https://registry.npmjs.org/is-core-module/-/is-core-module-2.17.0.tgz. Extracting by manifest.
1175 silly tarball no local data for es-errors@https://registry.npmjs.org/es-errors/-/es-errors-1.3.0.tgz. Extracting by manifest.
1176 silly tarball no local data for cssesc@https://registry.npmjs.org/cssesc/-/cssesc-3.0.0.tgz. Extracting by manifest.
1177 silly tarball no local data for util-deprecate@https://registry.npmjs.org/util-deprecate/-/util-deprecate-1.0.2.tgz. Extracting by manifest.
1178 silly tarball no local data for camelcase-css@https://registry.npmjs.org/camelcase-css/-/camelcase-css-2.0.1.tgz. Extracting by manifest.
1179 silly tarball no local data for read-cache@https://registry.npmjs.org/read-cache/-/read-cache-1.0.2.tgz. Extracting by manifest.
1180 silly tarball no local data for to-regex-range@https://registry.npmjs.org/to-regex-range/-/to-regex-range-5.0.1.tgz. Extracting by manifest.
1181 silly tarball no local data for is-extglob@https://registry.npmjs.org/is-extglob/-/is-extglob-2.1.1.tgz. Extracting by manifest.
1182 silly tarball no local data for binary-extensions@https://registry.npmjs.org/binary-extensions/-/binary-extensions-2.3.0.tgz. Extracting by manifest.
1183 silly tarball no local data for reusify@https://registry.npmjs.org/reusify/-/reusify-1.1.0.tgz. Extracting by manifest.
1184 silly tarball no local data for @nodelib/fs.scandir@https://registry.npmjs.org/@nodelib/fs.scandir/-/fs.scandir-2.1.5.tgz. Extracting by manifest.
1185 silly tarball no local data for run-parallel@https://registry.npmjs.org/run-parallel/-/run-parallel-1.2.0.tgz. Extracting by manifest.
1186 silly tarball no local data for @nodelib/fs.walk@https://registry.npmjs.org/@nodelib/fs.walk/-/fs.walk-1.2.8.tgz. Extracting by manifest.
1187 silly tarball no local data for fastq@https://registry.npmjs.org/fastq/-/fastq-1.20.3.tgz. Extracting by manifest.
1188 silly tarball no local data for @nodelib/fs.stat@https://registry.npmjs.org/@nodelib/fs.stat/-/fs.stat-2.0.5.tgz. Extracting by manifest.
1189 silly tarball no local data for fill-range@https://registry.npmjs.org/fill-range/-/fill-range-7.1.1.tgz. Extracting by manifest.
1190 silly tarball no local data for merge2@https://registry.npmjs.org/merge2/-/merge2-1.4.1.tgz. Extracting by manifest.
1191 silly tarball no local data for picomatch@https://registry.npmjs.org/picomatch/-/picomatch-2.3.2.tgz. Extracting by manifest.
1192 silly tarball no local data for anymatch@https://registry.npmjs.org/anymatch/-/anymatch-3.1.3.tgz. Extracting by manifest.
1193 silly tarball no local data for is-binary-path@https://registry.npmjs.org/is-binary-path/-/is-binary-path-2.1.0.tgz. Extracting by manifest.
1194 silly tarball no local data for braces@https://registry.npmjs.org/braces/-/braces-3.0.3.tgz. Extracting by manifest.
1195 silly tarball no local data for resolve@https://registry.npmjs.org/resolve/-/resolve-1.22.12.tgz. Extracting by manifest.
1196 silly tarball no local data for postcss-load-config@https://registry.npmjs.org/postcss-load-config/-/postcss-load-config-6.0.1.tgz. Extracting by manifest.
1197 silly tarball no local data for readdirp@https://registry.npmjs.org/readdirp/-/readdirp-3.6.0.tgz. Extracting by manifest.
1198 silly tarball no local data for postcss-nested@https://registry.npmjs.org/postcss-nested/-/postcss-nested-6.2.0.tgz. Extracting by manifest.
1199 silly tarball no local data for postcss-import@https://registry.npmjs.org/postcss-import/-/postcss-import-15.1.0.tgz. Extracting by manifest.
1200 silly tarball no local data for sucrase@https://registry.npmjs.org/sucrase/-/sucrase-3.35.1.tgz. Extracting by manifest.
1201 silly tarball no local data for postcss-js@https://registry.npmjs.org/postcss-js/-/postcss-js-4.1.0.tgz. Extracting by manifest.
1202 silly tarball no local data for postcss-selector-parser@https://registry.npmjs.org/postcss-selector-parser/-/postcss-selector-parser-6.1.4.tgz. Extracting by manifest.
1203 silly tarball no local data for normalize-path@https://registry.npmjs.org/normalize-path/-/normalize-path-3.0.0.tgz. Extracting by manifest.
1204 silly tarball no local data for object-hash@https://registry.npmjs.org/object-hash/-/object-hash-3.0.0.tgz. Extracting by manifest.
1205 silly tarball no local data for micromatch@https://registry.npmjs.org/micromatch/-/micromatch-4.0.8.tgz. Extracting by manifest.
1206 silly tarball no local data for jiti@https://registry.npmjs.org/jiti/-/jiti-1.21.7.tgz. Extracting by manifest.
1207 silly tarball no local data for lilconfig@https://registry.npmjs.org/lilconfig/-/lilconfig-3.1.3.tgz. Extracting by manifest.
1208 silly tarball no local data for glob-parent@https://registry.npmjs.org/glob-parent/-/glob-parent-6.0.2.tgz. Extracting by manifest.
1209 silly tarball no local data for is-glob@https://registry.npmjs.org/is-glob/-/is-glob-4.0.3.tgz. Extracting by manifest.
1210 silly tarball no local data for fast-glob@https://registry.npmjs.org/fast-glob/-/fast-glob-3.3.3.tgz. Extracting by manifest.
1211 silly tarball no local data for dlv@https://registry.npmjs.org/dlv/-/dlv-1.1.3.tgz. Extracting by manifest.
1212 silly tarball no local data for chokidar@https://registry.npmjs.org/chokidar/-/chokidar-3.6.0.tgz. Extracting by manifest.
1213 silly tarball no local data for didyoumean@https://registry.npmjs.org/didyoumean/-/didyoumean-1.2.2.tgz. Extracting by manifest.
1214 silly tarball no local data for arg@https://registry.npmjs.org/arg/-/arg-5.0.2.tgz. Extracting by manifest.
1215 silly tarball no local data for @alloc/quick-lru@https://registry.npmjs.org/@alloc/quick-lru/-/quick-lru-5.3.0.tgz. Extracting by manifest.
1216 silly tarball no local data for nanoid@https://registry.npmjs.org/nanoid/-/nanoid-3.3.19.tgz. Extracting by manifest.
1217 silly tarball no local data for scheduler@https://registry.npmjs.org/scheduler/-/scheduler-0.23.2.tgz. Extracting by manifest.
1218 silly tarball no local data for source-map-js@https://registry.npmjs.org/source-map-js/-/source-map-js-1.2.1.tgz. Extracting by manifest.
1219 silly tarball no local data for loose-envify@https://registry.npmjs.org/loose-envify/-/loose-envify-1.4.0.tgz. Extracting by manifest.
1220 silly tarball no local data for ms@https://registry.npmjs.org/ms/-/ms-2.1.3.tgz. Extracting by manifest.
1221 silly tarball no local data for yallist@https://registry.npmjs.org/yallist/-/yallist-3.1.1.tgz. Extracting by manifest.
1222 silly tarball no local data for update-browserslist-db@https://registry.npmjs.org/update-browserslist-db/-/update-browserslist-db-1.3.3.tgz. Extracting by manifest.
1223 silly tarball no local data for node-releases@https://registry.npmjs.org/node-releases/-/node-releases-2.0.57.tgz. Extracting by manifest.
1224 silly tarball no local data for electron-to-chromium@https://registry.npmjs.org/electron-to-chromium/-/electron-to-chromium-1.5.439.tgz. Extracting by manifest.
1225 silly tarball no local data for baseline-browser-mapping@https://registry.npmjs.org/baseline-browser-mapping/-/baseline-browser-mapping-2.11.26.tgz. Extracting by manifest.
1226 silly tarball no local data for postcss-value-parser@https://registry.npmjs.org/postcss-value-parser/-/postcss-value-parser-4.2.0.tgz. Extracting by manifest.
1227 silly tarball no local data for fraction.js@https://registry.npmjs.org/fraction.js/-/fraction.js-5.3.4.tgz. Extracting by manifest.
1228 silly tarball no local data for caniuse-lite@https://registry.npmjs.org/caniuse-lite/-/caniuse-lite-1.0.30001812.tgz. Extracting by manifest.
1229 silly tarball no local data for @jridgewell/resolve-uri@https://registry.npmjs.org/@jridgewell/resolve-uri/-/resolve-uri-3.1.2.tgz. Extracting by manifest.
1230 silly tarball no local data for @types/babel__traverse@https://registry.npmjs.org/@types/babel__traverse/-/babel__traverse-7.28.0.tgz. Extracting by manifest.
1231 silly tarball no local data for @types/babel__template@https://registry.npmjs.org/@types/babel__template/-/babel__template-7.4.4.tgz. Extracting by manifest.
1232 silly tarball no local data for @jridgewell/sourcemap-codec@https://registry.npmjs.org/@jridgewell/sourcemap-codec/-/sourcemap-codec-1.6.0.tgz. Extracting by manifest.
1233 silly tarball no local data for @types/babel__generator@https://registry.npmjs.org/@types/babel__generator/-/babel__generator-7.27.0.tgz. Extracting by manifest.
1234 silly tarball no local data for @babel/helper-globals@https://registry.npmjs.org/@babel/helper-globals/-/helper-globals-7.29.7.tgz. Extracting by manifest.
1235 silly tarball no local data for @babel/helper-string-parser@https://registry.npmjs.org/@babel/helper-string-parser/-/helper-string-parser-7.29.7.tgz. Extracting by manifest.
1236 silly tarball no local data for lru-cache@https://registry.npmjs.org/lru-cache/-/lru-cache-5.1.1.tgz. Extracting by manifest.
1237 silly tarball no local data for @babel/helper-plugin-utils@https://registry.npmjs.org/@babel/helper-plugin-utils/-/helper-plugin-utils-7.29.7.tgz. Extracting by manifest.
1238 silly tarball no local data for browserslist@https://registry.npmjs.org/browserslist/-/browserslist-4.29.1.tgz. Extracting by manifest.
1239 silly tarball no local data for @babel/helper-module-imports@https://registry.npmjs.org/@babel/helper-module-imports/-/helper-module-imports-7.29.7.tgz. Extracting by manifest.
1240 silly tarball no local data for jsesc@https://registry.npmjs.org/jsesc/-/jsesc-3.1.0.tgz. Extracting by manifest.
1241 silly tarball no local data for @jridgewell/trace-mapping@https://registry.npmjs.org/@jridgewell/trace-mapping/-/trace-mapping-0.3.31.tgz. Extracting by manifest.
1242 silly tarball no local data for @jridgewell/gen-mapping@https://registry.npmjs.org/@jridgewell/gen-mapping/-/gen-mapping-0.3.13.tgz. Extracting by manifest.
1243 silly tarball no local data for @babel/compat-data@https://registry.npmjs.org/@babel/compat-data/-/compat-data-7.29.7.tgz. Extracting by manifest.
1244 silly tarball no local data for @babel/helper-validator-option@https://registry.npmjs.org/@babel/helper-validator-option/-/helper-validator-option-7.29.7.tgz. Extracting by manifest.
1245 silly tarball no local data for js-tokens@https://registry.npmjs.org/js-tokens/-/js-tokens-4.0.0.tgz. Extracting by manifest.
1246 silly tarball no local data for picocolors@https://registry.npmjs.org/picocolors/-/picocolors-1.1.1.tgz. Extracting by manifest.
1247 silly tarball no local data for @babel/helper-validator-identifier@https://registry.npmjs.org/@babel/helper-validator-identifier/-/helper-validator-identifier-7.29.7.tgz. Extracting by manifest.
1248 silly tarball no local data for semver@https://registry.npmjs.org/semver/-/semver-6.3.1.tgz. Extracting by manifest.
1249 silly tarball no local data for json5@https://registry.npmjs.org/json5/-/json5-2.2.3.tgz. Extracting by manifest.
1250 silly tarball no local data for debug@https://registry.npmjs.org/debug/-/debug-4.4.3.tgz. Extracting by manifest.
1251 silly tarball no local data for gensync@https://registry.npmjs.org/gensync/-/gensync-1.0.0-beta.2.tgz. Extracting by manifest.
1252 silly tarball no local data for convert-source-map@https://registry.npmjs.org/convert-source-map/-/convert-source-map-2.0.0.tgz. Extracting by manifest.
1253 silly tarball no local data for @jridgewell/remapping@https://registry.npmjs.org/@jridgewell/remapping/-/remapping-2.3.5.tgz. Extracting by manifest.
1254 silly tarball no local data for @babel/traverse@https://registry.npmjs.org/@babel/traverse/-/traverse-7.29.8.tgz. Extracting by manifest.
1255 silly tarball no local data for @babel/template@https://registry.npmjs.org/@babel/template/-/template-7.29.7.tgz. Extracting by manifest.
1256 silly tarball no local data for @babel/types@https://registry.npmjs.org/@babel/types/-/types-7.29.8.tgz. Extracting by manifest.
1257 silly tarball no local data for @babel/parser@https://registry.npmjs.org/@babel/parser/-/parser-7.29.9.tgz. Extracting by manifest.
1258 silly tarball no local data for @babel/helpers@https://registry.npmjs.org/@babel/helpers/-/helpers-7.29.7.tgz. Extracting by manifest.
1259 silly tarball no local data for @babel/helper-module-transforms@https://registry.npmjs.org/@babel/helper-module-transforms/-/helper-module-transforms-7.29.7.tgz. Extracting by manifest.
1260 silly tarball no local data for react-refresh@https://registry.npmjs.org/react-refresh/-/react-refresh-0.17.0.tgz. Extracting by manifest.
1261 silly tarball no local data for @babel/generator@https://registry.npmjs.org/@babel/generator/-/generator-7.29.8.tgz. Extracting by manifest.
1262 silly tarball no local data for @babel/helper-compilation-targets@https://registry.npmjs.org/@babel/helper-compilation-targets/-/helper-compilation-targets-7.29.7.tgz. Extracting by manifest.
1263 silly tarball no local data for @rolldown/pluginutils@https://registry.npmjs.org/@rolldown/pluginutils/-/pluginutils-1.0.0-beta.27.tgz. Extracting by manifest.
1264 silly tarball no local data for @types/babel__core@https://registry.npmjs.org/@types/babel__core/-/babel__core-7.20.5.tgz. Extracting by manifest.
1265 silly tarball no local data for @babel/code-frame@https://registry.npmjs.org/@babel/code-frame/-/code-frame-7.29.7.tgz. Extracting by manifest.
1266 silly tarball no local data for react-dom@https://registry.npmjs.org/react-dom/-/react-dom-18.3.1.tgz. Extracting by manifest.
1267 silly tarball no local data for tailwindcss@https://registry.npmjs.org/tailwindcss/-/tailwindcss-3.4.19.tgz. Extracting by manifest.
1268 silly tarball no local data for @babel/plugin-transform-react-jsx-self@https://registry.npmjs.org/@babel/plugin-transform-react-jsx-self/-/plugin-transform-react-jsx-self-7.29.7.tgz. Extracting by manifest.
1269 silly tarball no local data for @babel/plugin-transform-react-jsx-source@https://registry.npmjs.org/@babel/plugin-transform-react-jsx-source/-/plugin-transform-react-jsx-source-7.29.7.tgz. Extracting by manifest.
1270 silly tarball no local data for react@https://registry.npmjs.org/react/-/react-18.3.1.tgz. Extracting by manifest.
1271 silly tarball no local data for @babel/core@https://registry.npmjs.org/@babel/core/-/core-7.29.7.tgz. Extracting by manifest.
1272 silly tarball no local data for @vitejs/plugin-react@https://registry.npmjs.org/@vitejs/plugin-react/-/plugin-react-4.7.0.tgz. Extracting by manifest.
1273 silly tarball no local data for picomatch@https://registry.npmjs.org/picomatch/-/picomatch-4.0.7.tgz. Extracting by manifest.
1274 silly tarball no local data for autoprefixer@https://registry.npmjs.org/autoprefixer/-/autoprefixer-10.6.1.tgz. Extracting by manifest.
1275 silly tarball no local data for postcss@https://registry.npmjs.org/postcss/-/postcss-8.5.28.tgz. Extracting by manifest.
1276 silly tarball no local data for vite@https://registry.npmjs.org/vite/-/vite-5.4.21.tgz. Extracting by manifest.
1277 silly tarball no local data for fdir@https://registry.npmjs.org/fdir/-/fdir-6.5.0.tgz. Extracting by manifest.
1278 silly tarball no local data for glob-parent@https://registry.npmjs.org/glob-parent/-/glob-parent-5.1.2.tgz. Extracting by manifest.
1279 silly tarball no local data for glob-parent@https://registry.npmjs.org/glob-parent/-/glob-parent-5.1.2.tgz. Extracting by manifest.
1280 http fetch POST 200 https://registry.npmjs.org/-/npm/v1/security/advisories/bulk 851ms
1281 silly audit report {
1281 silly audit report   vite: [
1281 silly audit report     {
1281 silly audit report       id: 1120784,
1281 silly audit report       url: 'https://github.com/advisories/GHSA-v6wh-96g9-6wx3',
1281 silly audit report       title: 'launch-editor: NTLMv2 hash disclosure via UNC path handling on Windows',
1281 silly audit report       severity: 'moderate',
1281 silly audit report       vulnerable_versions: '<=6.4.2',
1281 silly audit report       cwe: [Array],
1281 silly audit report       cvss: [Object]
1281 silly audit report     },
1281 silly audit report     {
1281 silly audit report       id: 1116229,
1281 silly audit report       url: 'https://github.com/advisories/GHSA-4w7w-66w2-5vf9',
1281 silly audit report       title: 'Vite Vulnerable to Path Traversal in Optimized Deps `.map` Handling',
1281 silly audit report       severity: 'moderate',
1281 silly audit report       vulnerable_versions: '<=6.4.1',
1281 silly audit report       cwe: [Array],
1281 silly audit report       cvss: [Object]
1281 silly audit report     },
1281 silly audit report     {
1281 silly audit report       id: 1123525,
1281 silly audit report       url: 'https://github.com/advisories/GHSA-fx2h-pf6j-xcff',
1281 silly audit report       title: 'vite: `server.fs.deny` bypass on Windows alternate paths',
1281 silly audit report       severity: 'high',
1281 silly audit report       vulnerable_versions: '<=6.4.2',
1281 silly audit report       cwe: [Array],
1281 silly audit report       cvss: [Object]
1281 silly audit report     }
1281 silly audit report   ],
1281 silly audit report   esbuild: [
1281 silly audit report     {
1281 silly audit report       id: 1102341,
1281 silly audit report       url: 'https://github.com/advisories/GHSA-67mh-4wv8-2f99',
1281 silly audit report       title: 'esbuild enables any website to send any requests to the development server and read the response',
1281 silly audit report       severity: 'moderate',
1281 silly audit report       vulnerable_versions: '<=0.24.2',
1281 silly audit report       cwe: [Array],
1281 silly audit report       cvss: [Object]
1281 silly audit report     }
1281 silly audit report   ]
1281 silly audit report }
1282 silly packumentCache corgi:https://registry.npmjs.org/vite cache-miss
1283 silly packumentCache corgi:https://registry.npmjs.org/esbuild cache-miss
1284 http fetch GET 200 https://registry.npmjs.org/pirates/-/pirates-4.0.7.tgz 1227ms (cache miss)
1285 http fetch GET 200 https://registry.npmjs.org/@types/estree/-/estree-1.0.9.tgz 1315ms (cache miss)
1286 http fetch GET 200 https://registry.npmjs.org/hasown/-/hasown-2.0.4.tgz 1283ms (cache miss)
1287 http fetch GET 200 https://registry.npmjs.org/function-bind/-/function-bind-1.1.2.tgz 1433ms (cache miss)
1288 http fetch GET 200 https://registry.npmjs.org/es-errors/-/es-errors-1.3.0.tgz 1514ms (cache miss)
1289 http fetch GET 200 https://registry.npmjs.org/lines-and-columns/-/lines-and-columns-1.2.4.tgz 1532ms (cache miss)
1290 http fetch GET 200 https://registry.npmjs.org/cssesc/-/cssesc-3.0.0.tgz 1517ms (cache miss)
1291 http fetch GET 200 https://registry.npmjs.org/path-parse/-/path-parse-1.0.7.tgz 1584ms (cache miss)
1292 http fetch GET 200 https://registry.npmjs.org/queue-microtask/-/queue-microtask-1.2.3.tgz 1587ms (cache miss)
1293 http fetch GET 200 https://registry.npmjs.org/mz/-/mz-2.7.0.tgz 1591ms (cache miss)
1294 http fetch GET 200 https://registry.npmjs.org/reusify/-/reusify-1.1.0.tgz 1610ms (cache miss)
1295 http fetch GET 200 https://registry.npmjs.org/supports-preserve-symlinks-flag/-/supports-preserve-symlinks-flag-1.0.0.tgz 1672ms (cache miss)
1296 http fetch GET 200 https://registry.npmjs.org/thenify/-/thenify-3.3.1.tgz 1697ms (cache miss)
1297 http fetch GET 200 https://registry.npmjs.org/util-deprecate/-/util-deprecate-1.0.2.tgz 1665ms (cache miss)
1298 http fetch GET 200 https://registry.npmjs.org/anymatch/-/anymatch-3.1.3.tgz 1637ms (cache miss)
1299 http fetch GET 200 https://registry.npmjs.org/run-parallel/-/run-parallel-1.2.0.tgz 1680ms (cache miss)
1300 http fetch GET 200 https://registry.npmjs.org/is-number/-/is-number-7.0.0.tgz 1754ms (cache miss)
1301 http fetch GET 200 https://registry.npmjs.org/thenify-all/-/thenify-all-1.6.0.tgz 1752ms (cache miss)
1302 http fetch GET 200 https://registry.npmjs.org/is-extglob/-/is-extglob-2.1.1.tgz 1713ms (cache miss)
1303 http fetch GET 200 https://registry.npmjs.org/camelcase-css/-/camelcase-css-2.0.1.tgz 1721ms (cache miss)
1304 http fetch GET 200 https://registry.npmjs.org/read-cache/-/read-cache-1.0.2.tgz 1720ms (cache miss)
1305 http fetch GET 200 https://registry.npmjs.org/is-binary-path/-/is-binary-path-2.1.0.tgz 1693ms (cache miss)
1306 http fetch GET 200 https://registry.npmjs.org/binary-extensions/-/binary-extensions-2.3.0.tgz 1746ms (cache miss)
1307 http fetch GET 200 https://registry.npmjs.org/object-assign/-/object-assign-4.1.1.tgz 1789ms (cache miss)
1308 http fetch GET 200 https://registry.npmjs.org/postcss-nested/-/postcss-nested-6.2.0.tgz 1724ms (cache miss)
1309 http fetch GET 200 https://registry.npmjs.org/readdirp/-/readdirp-3.6.0.tgz 1727ms (cache miss)
1310 http fetch GET 200 https://registry.npmjs.org/dlv/-/dlv-1.1.3.tgz 1704ms (cache miss)
1311 http fetch GET 200 https://registry.npmjs.org/didyoumean/-/didyoumean-1.2.2.tgz 1704ms (cache miss)
1312 http fetch GET 200 https://registry.npmjs.org/merge2/-/merge2-1.4.1.tgz 1800ms (cache miss)
1313 http fetch GET 200 https://registry.npmjs.org/postcss-load-config/-/postcss-load-config-6.0.1.tgz 1792ms (cache miss)
1314 http fetch GET 200 https://registry.npmjs.org/normalize-path/-/normalize-path-3.0.0.tgz 1785ms (cache miss)
1315 http fetch GET 200 https://registry.npmjs.org/lilconfig/-/lilconfig-3.1.3.tgz 1779ms (cache miss)
1316 http fetch GET 200 https://registry.npmjs.org/arg/-/arg-5.0.2.tgz 1770ms (cache miss)
1317 http fetch GET 200 https://registry.npmjs.org/nanoid/-/nanoid-3.3.19.tgz 1784ms (cache miss)
1318 http fetch GET 200 https://registry.npmjs.org/loose-envify/-/loose-envify-1.4.0.tgz 1781ms (cache miss)
1319 http fetch GET 200 https://registry.npmjs.org/is-glob/-/is-glob-4.0.3.tgz 1810ms (cache miss)
1320 http fetch GET 200 https://registry.npmjs.org/ms/-/ms-2.1.3.tgz 1792ms (cache miss)
1321 http fetch GET 200 https://registry.npmjs.org/yallist/-/yallist-3.1.1.tgz 1792ms (cache miss)
1322 http fetch GET 200 https://registry.npmjs.org/node-releases/-/node-releases-2.0.57.tgz 1790ms (cache miss)
1323 http fetch GET 200 https://registry.npmjs.org/lru-cache/-/lru-cache-5.1.1.tgz 1768ms (cache miss)
1324 http fetch GET 200 https://registry.npmjs.org/commander/-/commander-4.1.1.tgz 1923ms (cache miss)
1325 http fetch GET 200 https://registry.npmjs.org/postcss-value-parser/-/postcss-value-parser-4.2.0.tgz 1826ms (cache miss)
1326 http fetch GET 200 https://registry.npmjs.org/@babel/compat-data/-/compat-data-7.29.7.tgz 1793ms (cache miss)
1327 http fetch GET 200 https://registry.npmjs.org/@alloc/quick-lru/-/quick-lru-5.3.0.tgz 1861ms (cache miss)
1328 http fetch GET 200 https://registry.npmjs.org/@types/babel__generator/-/babel__generator-7.27.0.tgz 1832ms (cache miss)
1329 http fetch GET 200 https://registry.npmjs.org/@babel/helper-plugin-utils/-/helper-plugin-utils-7.29.7.tgz 1826ms (cache miss)
1330 http fetch GET 200 https://registry.npmjs.org/jsesc/-/jsesc-3.1.0.tgz 1820ms (cache miss)
1331 http fetch GET 200 https://registry.npmjs.org/@babel/helper-module-imports/-/helper-module-imports-7.29.7.tgz 1823ms (cache miss)
1332 http fetch GET 200 https://registry.npmjs.org/convert-source-map/-/convert-source-map-2.0.0.tgz 1800ms (cache miss)
1333 http fetch GET 200 https://registry.npmjs.org/debug/-/debug-4.4.3.tgz 1805ms (cache miss)
1334 http fetch GET 200 https://registry.npmjs.org/is-core-module/-/is-core-module-2.17.0.tgz 1962ms (cache miss)
1335 http fetch GET 200 https://registry.npmjs.org/fill-range/-/fill-range-7.1.1.tgz 1932ms (cache miss)
1336 http fetch GET 200 https://registry.npmjs.org/object-hash/-/object-hash-3.0.0.tgz 1908ms (cache miss)
1337 http fetch GET 200 https://registry.npmjs.org/@types/babel__template/-/babel__template-7.4.4.tgz 1867ms (cache miss)
1338 http fetch GET 200 https://registry.npmjs.org/@types/babel__traverse/-/babel__traverse-7.28.0.tgz 1872ms (cache miss)
1339 http fetch GET 200 https://registry.npmjs.org/picocolors/-/picocolors-1.1.1.tgz 1838ms (cache miss)
1340 http fetch GET 200 https://registry.npmjs.org/@babel/plugin-transform-react-jsx-self/-/plugin-transform-react-jsx-self-7.29.7.tgz 1811ms (cache miss)
1341 http fetch GET 200 https://registry.npmjs.org/gensync/-/gensync-1.0.0-beta.2.tgz 1877ms (cache miss)
1342 http fetch GET 200 https://registry.npmjs.org/glob-parent/-/glob-parent-5.1.2.tgz 1770ms (cache miss)
1343 http fetch GET 200 https://registry.npmjs.org/to-regex-range/-/to-regex-range-5.0.1.tgz 2016ms (cache miss)
1344 http fetch GET 200 https://registry.npmjs.org/js-tokens/-/js-tokens-4.0.0.tgz 1897ms (cache miss)
1345 http fetch GET 200 https://registry.npmjs.org/@types/babel__core/-/babel__core-7.20.5.tgz 1866ms (cache miss)
1346 http fetch GET 200 https://registry.npmjs.org/glob-parent/-/glob-parent-6.0.2.tgz 1981ms (cache miss)
1347 http fetch GET 200 https://registry.npmjs.org/@babel/helper-string-parser/-/helper-string-parser-7.29.7.tgz 1943ms (cache miss)
1348 http fetch GET 200 https://registry.npmjs.org/glob-parent/-/glob-parent-5.1.2.tgz 1814ms (cache miss)
1349 http fetch GET 200 https://registry.npmjs.org/esbuild/-/esbuild-0.21.5.tgz 2124ms (cache miss)
1350 http fetch GET 200 https://registry.npmjs.org/@babel/code-frame/-/code-frame-7.29.7.tgz 1942ms (cache miss)
1351 http fetch GET 200 https://registry.npmjs.org/@babel/plugin-transform-react-jsx-source/-/plugin-transform-react-jsx-source-7.29.7.tgz 1937ms (cache miss)
1352 http fetch GET 200 https://registry.npmjs.org/update-browserslist-db/-/update-browserslist-db-1.3.3.tgz 2038ms (cache miss)
1353 http fetch GET 200 https://registry.npmjs.org/tinyglobby/-/tinyglobby-0.2.17.tgz 2171ms (cache miss)
1354 http fetch GET 200 https://registry.npmjs.org/postcss-js/-/postcss-js-4.1.0.tgz 2118ms (cache miss)
1355 http fetch GET 200 https://registry.npmjs.org/@babel/helper-globals/-/helper-globals-7.29.7.tgz 2064ms (cache miss)
1356 http fetch GET 200 https://registry.npmjs.org/micromatch/-/micromatch-4.0.8.tgz 2136ms (cache miss)
1357 http fetch GET 200 https://registry.npmjs.org/semver/-/semver-6.3.1.tgz 2057ms (cache miss)
1358 http fetch GET 200 https://registry.npmjs.org/@rolldown/pluginutils/-/pluginutils-1.0.0-beta.27.tgz 2067ms (cache miss)
1359 http fetch GET 200 https://registry.npmjs.org/chokidar/-/chokidar-3.6.0.tgz 2177ms (cache miss)
1360 http fetch GET 200 https://registry.npmjs.org/escalade/-/escalade-3.2.0.tgz 2300ms (cache miss)
1361 http fetch GET 200 https://registry.npmjs.org/picomatch/-/picomatch-2.3.2.tgz 2263ms (cache miss)
1362 http fetch GET 200 https://registry.npmjs.org/fdir/-/fdir-6.5.0.tgz 2086ms (cache miss)
1363 http fetch GET 200 https://registry.npmjs.org/@jridgewell/resolve-uri/-/resolve-uri-3.1.2.tgz 2213ms (cache miss)
1364 http fetch GET 200 https://registry.npmjs.org/ts-interface-checker/-/ts-interface-checker-0.1.13.tgz 2345ms (cache miss)
1365 http fetch GET 200 https://registry.npmjs.org/browserslist/-/browserslist-4.29.1.tgz 2212ms (cache miss)
1366 http fetch GET 200 https://registry.npmjs.org/@babel/helper-validator-option/-/helper-validator-option-7.29.7.tgz 2209ms (cache miss)
1367 http fetch GET 200 https://registry.npmjs.org/react-refresh/-/react-refresh-0.17.0.tgz 2181ms (cache miss)
1368 http fetch GET 200 https://registry.npmjs.org/@vitejs/plugin-react/-/plugin-react-4.7.0.tgz 2177ms (cache miss)
1369 http fetch GET 200 https://registry.npmjs.org/@babel/helper-validator-identifier/-/helper-validator-identifier-7.29.7.tgz 2276ms (cache miss)
1370 http fetch GET 200 https://registry.npmjs.org/baseline-browser-mapping/-/baseline-browser-mapping-2.11.26.tgz 2329ms (cache miss)
1371 http fetch GET 200 https://registry.npmjs.org/postcss-import/-/postcss-import-15.1.0.tgz 2400ms (cache miss)
1372 http fetch GET 200 https://registry.npmjs.org/fastq/-/fastq-1.20.3.tgz 2438ms (cache miss)
1373 http fetch GET 200 https://registry.npmjs.org/picomatch/-/picomatch-4.0.7.tgz 2284ms (cache miss)
1374 http fetch GET 200 https://registry.npmjs.org/electron-to-chromium/-/electron-to-chromium-1.5.439.tgz 2387ms (cache miss)
1375 http fetch GET 200 https://registry.npmjs.org/braces/-/braces-3.0.3.tgz 2501ms (cache miss)
1376 http fetch GET 200 https://registry.npmjs.org/esbuild 2106ms (cache miss)
1377 silly packumentCache corgi:https://registry.npmjs.org/esbuild set size:undefined disposed:false
1378 http fetch GET 200 https://registry.npmjs.org/@nodelib/fs.stat/-/fs.stat-2.0.5.tgz 2647ms (cache miss)
1379 http fetch GET 200 https://registry.npmjs.org/scheduler/-/scheduler-0.23.2.tgz 2653ms (cache miss)
1380 http fetch GET 200 https://registry.npmjs.org/@babel/helper-compilation-targets/-/helper-compilation-targets-7.29.7.tgz 2618ms (cache miss)
1381 http fetch GET 200 https://registry.npmjs.org/@babel/helper-module-transforms/-/helper-module-transforms-7.29.7.tgz 2667ms (cache miss)
1382 http fetch GET 200 https://registry.npmjs.org/@babel/template/-/template-7.29.7.tgz 2690ms (cache miss)
1383 http fetch GET 200 https://registry.npmjs.org/fraction.js/-/fraction.js-5.3.4.tgz 2761ms (cache miss)
1384 http fetch GET 200 https://registry.npmjs.org/source-map-js/-/source-map-js-1.2.1.tgz 2802ms (cache miss)
1385 http fetch GET 200 https://registry.npmjs.org/react/-/react-18.3.1.tgz 2745ms (cache miss)
1386 http fetch GET 200 https://registry.npmjs.org/json5/-/json5-2.2.3.tgz 2818ms (cache miss)
1387 http fetch GET 200 https://registry.npmjs.org/@nodelib/fs.scandir/-/fs.scandir-2.1.5.tgz 3018ms (cache miss)
1388 http fetch GET 200 https://registry.npmjs.org/@rollup/rollup-win32-x64-gnu/-/rollup-win32-x64-gnu-4.63.5.tgz 3127ms (cache miss)
1389 http fetch GET 200 https://registry.npmjs.org/any-promise/-/any-promise-1.3.0.tgz 3171ms (cache miss)
1390 http fetch GET 200 https://registry.npmjs.org/@nodelib/fs.walk/-/fs.walk-1.2.8.tgz 3128ms (cache miss)
1391 http fetch GET 200 https://registry.npmjs.org/@babel/parser/-/parser-7.29.9.tgz 3002ms (cache miss)
1392 http fetch GET 200 https://registry.npmjs.org/vite 2663ms (cache miss)
1393 silly packumentCache corgi:https://registry.npmjs.org/vite set size:undefined disposed:false
1394 http fetch GET 200 https://registry.npmjs.org/@jridgewell/sourcemap-codec/-/sourcemap-codec-1.6.0.tgz 3301ms (cache miss)
1395 http fetch GET 200 https://registry.npmjs.org/@jridgewell/remapping/-/remapping-2.3.5.tgz 3259ms (cache miss)
1396 silly packumentCache corgi:https://registry.npmjs.org/@vitejs%2fplugin-react cache-miss
1397 http fetch GET 200 https://registry.npmjs.org/@rollup/rollup-win32-x64-msvc/-/rollup-win32-x64-msvc-4.63.5.tgz 3470ms (cache miss)
1398 http fetch GET 200 https://registry.npmjs.org/@jridgewell/gen-mapping/-/gen-mapping-0.3.13.tgz 3316ms (cache miss)
1399 http fetch GET 200 https://registry.npmjs.org/jiti/-/jiti-1.21.7.tgz 3551ms (cache miss)
1400 http fetch GET 200 https://registry.npmjs.org/@vitejs%2fplugin-react 227ms (cache miss)
1401 silly packumentCache corgi:https://registry.npmjs.org/@vitejs%2fplugin-react set size:undefined disposed:false
1402 http fetch GET 200 https://registry.npmjs.org/postcss-selector-parser/-/postcss-selector-parser-6.1.4.tgz 4139ms (cache miss)
1403 http fetch GET 200 https://registry.npmjs.org/@jridgewell/trace-mapping/-/trace-mapping-0.3.31.tgz 4093ms (cache miss)
1404 http fetch GET 200 https://registry.npmjs.org/postcss/-/postcss-8.5.28.tgz 4174ms (cache miss)
1405 http fetch GET 200 https://registry.npmjs.org/@babel/generator/-/generator-7.29.8.tgz 4223ms (cache miss)
1406 http fetch GET 200 https://registry.npmjs.org/rollup/-/rollup-4.63.5.tgz 4452ms (cache miss)
1407 http fetch GET 200 https://registry.npmjs.org/fast-glob/-/fast-glob-3.3.3.tgz 4506ms (cache miss)
1408 http fetch GET 200 https://registry.npmjs.org/vite/-/vite-5.4.21.tgz 4394ms (cache miss)
1409 http fetch GET 200 https://registry.npmjs.org/react-dom/-/react-dom-18.3.1.tgz 4544ms (cache miss)
1410 http fetch GET 200 https://registry.npmjs.org/@babel/traverse/-/traverse-7.29.8.tgz 4640ms (cache miss)
1411 http fetch GET 200 https://registry.npmjs.org/autoprefixer/-/autoprefixer-10.6.1.tgz 4714ms (cache miss)
1412 http fetch GET 200 https://registry.npmjs.org/@esbuild/win32-x64/-/win32-x64-0.21.5.tgz 4958ms (cache miss)
1413 http fetch GET 200 https://registry.npmjs.org/resolve/-/resolve-1.22.12.tgz 5047ms (cache miss)
1414 http fetch GET 200 https://registry.npmjs.org/@babel/core/-/core-7.29.7.tgz 5271ms (cache miss)
1415 http fetch GET 200 https://registry.npmjs.org/@babel/types/-/types-7.29.8.tgz 5772ms (cache miss)
1416 http fetch GET 200 https://registry.npmjs.org/sucrase/-/sucrase-3.35.1.tgz 5976ms (cache miss)
1417 http fetch GET 200 https://registry.npmjs.org/@babel/helpers/-/helpers-7.29.7.tgz 5982ms (cache miss)
1418 http fetch GET 200 https://registry.npmjs.org/tailwindcss/-/tailwindcss-3.4.19.tgz 6028ms (cache miss)
1419 http fetch GET 200 https://registry.npmjs.org/caniuse-lite/-/caniuse-lite-1.0.30001812.tgz 8303ms (cache miss)
1420 info run esbuild@0.21.5 postinstall node_modules/esbuild node install.js
1421 info run esbuild@0.21.5 postinstall { code: 'EPERM', signal: undefined }
1422 verbose stack Error: spawn EPERM
1422 verbose stack     at ChildProcess.spawn (node:internal/child_process:458:11)
1422 verbose stack     at spawn (node:child_process:813:9)
1422 verbose stack     at promiseSpawn (C:\Program Files\nodejs\node_modules\npm\node_modules\@npmcli\promise-spawn\lib\index.js:39:16)
1422 verbose stack     at spawnWithShell (C:\Program Files\nodejs\node_modules\npm\node_modules\@npmcli\promise-spawn\lib\index.js:124:10)
1422 verbose stack     at promiseSpawn (C:\Program Files\nodejs\node_modules\npm\node_modules\@npmcli\promise-spawn\lib\index.js:12:12)
1422 verbose stack     at runScriptPkg (C:\Program Files\nodejs\node_modules\npm\node_modules\@npmcli\run-script\lib\run-script-pkg.js:79:13)
1422 verbose stack     at runScript (C:\Program Files\nodejs\node_modules\npm\node_modules\@npmcli\run-script\lib\run-script.js:9:12)
1422 verbose stack     at C:\Program Files\nodejs\node_modules\npm\node_modules\@npmcli\arborist\lib\arborist\rebuild.js:348:17
1422 verbose stack     at run (C:\Program Files\nodejs\node_modules\npm\node_modules\promise-call-limit\dist\commonjs\index.js:67:22)
1422 verbose stack     at C:\Program Files\nodejs\node_modules\npm\node_modules\promise-call-limit\dist\commonjs\index.js:84:9
1423 error code EPERM
1424 error syscall spawn
1425 error errno -4048
1426 error Error: spawn EPERM
1426 error     at ChildProcess.spawn (node:internal/child_process:458:11)
1426 error     at spawn (node:child_process:813:9)
1426 error     at promiseSpawn (C:\Program Files\nodejs\node_modules\npm\node_modules\@npmcli\promise-spawn\lib\index.js:39:16)
1426 error     at spawnWithShell (C:\Program Files\nodejs\node_modules\npm\node_modules\@npmcli\promise-spawn\lib\index.js:124:10)
1426 error     at promiseSpawn (C:\Program Files\nodejs\node_modules\npm\node_modules\@npmcli\promise-spawn\lib\index.js:12:12)
1426 error     at runScriptPkg (C:\Program Files\nodejs\node_modules\npm\node_modules\@npmcli\run-script\lib\run-script-pkg.js:79:13)
1426 error     at runScript (C:\Program Files\nodejs\node_modules\npm\node_modules\@npmcli\run-script\lib\run-script.js:9:12)
1426 error     at C:\Program Files\nodejs\node_modules\npm\node_modules\@npmcli\arborist\lib\arborist\rebuild.js:348:17
1426 error     at run (C:\Program Files\nodejs\node_modules\npm\node_modules\promise-call-limit\dist\commonjs\index.js:67:22)
1426 error     at C:\Program Files\nodejs\node_modules\npm\node_modules\promise-call-limit\dist\commonjs\index.js:84:9 {
1426 error   errno: -4048,
1426 error   code: 'EPERM',
1426 error   syscall: 'spawn'
1426 error }
1427 error
1427 error The operation was rejected by your operating system.
1427 error It's possible that the file was already in use (by a text editor or antivirus), or that you lack permissions to access it.
1427 error
1427 error If you believe this might be a permissions issue, please double-check the permissions of the file and its containing directories, or try running the command again as root/Administrator.
1428 silly unfinished npm timer reify 1790500151456
1429 silly unfinished npm timer reify:build 1790500173271
1430 silly unfinished npm timer build 1790500173272
1431 silly unfinished npm timer build:deps 1790500173273
1432 silly unfinished npm timer build:run:postinstall 1790500173848
1433 silly unfinished npm timer build:run:postinstall:node_modules/esbuild 1790500173849
1434 verbose cwd C:\Users\Lenovo\Downloads\deepseek_harness\interview-learning-assistant
1435 verbose os Windows_NT 10.0.26200
1436 verbose node v24.20.0
1437 verbose npm  v11.19.0
1438 notice
1438 notice New major version of npm available! 11.19.0 -> 12.1.0
1438 notice Changelog: https://github.com/npm/cli/releases/tag/v12.1.0
1438 notice To update run: npm install -g npm@12.1.0
1438 notice  { force: true, Symbol(proc-log.meta): true }
1439 verbose exit -4048
1440 verbose code -4048
1441 error A complete log of this run can be found in: C:\Users\Lenovo\Downloads\deepseek_harness\interview-learning-assistant\npm-cache\_logs\2026-09-27T09_09_10_255Z-debug-0.log
